City_ID,City,Lat,Lng,Max Temp,Humidity,Cloudiness,Wind Speed,Country,Date
0,Saint-Philippe,-21.3585,55.7679,65.79,84,47,14.32,RE,2022-07-22 23:18:30
1,Butaritari,3.0707,172.7902,81.37,75,47,9.62,KI,2022-07-22 23:18:30
2,Kingsville,27.5159,-97.8561,95.68,53,40,16.11,US,2022-07-22 23:18:30
3,Nikolskoye,59.7035,30.7861,67.91,79,16,5.64,RU,2022-07-22 23:18:31
4,Oktyabrskoye,43.0645,44.7417,62.74,93,100,2.24,RU,2022-07-22 23:18:31
5,Tuktoyaktuk,69.4541,-133.0374,69.8,73,75,8.05,CA,2022-07-22 23:18:31
6,Port Alfred,-33.5906,26.891,62.31,67,100,10.89,ZA,2022-07-22 23:18:32
7,Bluff,-46.6,168.3333,37.8,81,8,6.33,NZ,2022-07-22 23:18:32
8,Zeya,53.75,127.2667,72.73,62,7,0.78,RU,2022-07-22 23:18:32
9,Mar Del Plata,-38.0023,-57.5575,48.87,89,68,2.3,AR,2022-07-22 23:18:33
10,Vaini,-21.2,-175.2,73.56,94,75,6.91,TO,2022-07-22 23:13:53
11,Cape Town,-33.9258,18.4232,55.89,92,75,5.75,ZA,2022-07-22 23:18:16
12,Castro,-24.7911,-50.0119,59.0,71,81,2.19,BR,2022-07-22 23:18:33
13,Chokurdakh,70.6333,147.9167,52.86,49,99,13.67,RU,2022-07-22 23:18:34
14,Busselton,-33.65,115.3333,59.47,80,73,20.87,AU,2022-07-22 23:18:34
15,Treinta Y Tres,-33.2333,-54.3833,56.71,97,100,5.66,UY,2022-07-22 23:18:34
16,Puerto Ayora,-0.7393,-90.3518,70.56,88,38,7.0,EC,2022-07-22 23:18:35
17,Saint-Joseph,-21.3667,55.6167,64.78,81,21,12.91,RE,2022-07-22 23:18:35
18,Port Hardy,50.6996,-127.4199,60.98,82,75,10.36,CA,2022-07-22 23:18:35
19,Mahon,39.8885,4.2658,77.56,94,0,5.75,ES,2022-07-22 23:15:06
20,Witbank,-25.8713,29.2332,52.5,72,98,11.56,ZA,2022-07-22 23:18:36
21,Hermanus,-34.4187,19.2345,53.8,83,100,12.97,ZA,2022-07-22 23:18:36
22,Kaitangata,-46.2817,169.8464,40.3,86,13,2.84,NZ,2022-07-22 23:18:36
23,Buin,-33.7333,-70.75,62.2,63,0,2.01,CL,2022-07-22 23:18:37
24,Saskylakh,71.9167,114.0833,53.08,59,92,7.65,RU,2022-07-22 23:18:37
25,Rikitea,-23.1203,-134.9692,72.09,75,100,9.84,PF,2022-07-22 23:18:38
26,Karasburg,-28.0167,18.75,61.32,32,89,7.36,NA,2022-07-22 23:18:38
27,Yantal,56.8471,105.2542,61.27,94,100,2.98,RU,2022-07-22 23:18:38
28,Namatanai,-3.6667,152.4333,83.17,64,10,6.71,PG,2022-07-22 23:18:39
29,Lichinga,-13.3128,35.2406,57.29,77,0,10.36,MZ,2022-07-22 23:18:39
30,Thompson,55.7435,-97.8558,59.16,77,100,2.3,CA,2022-07-22 23:17:19
31,Kutum,14.2,24.6667,80.29,41,7,8.79,SD,2022-07-22 23:18:40
32,Alta Floresta,-9.8756,-56.0861,78.57,34,2,2.13,BR,2022-07-22 23:18:40
33,Mananara,-16.1667,49.7667,64.96,94,48,3.94,MG,2022-07-22 23:18:40
34,Luderitz,-26.6481,15.1594,58.12,68,49,15.12,NA,2022-07-22 23:18:41
35,Kondinskoye,59.6481,67.41,48.34,71,44,7.09,RU,2022-07-22 23:18:41
36,Chenzhou,25.8,113.0333,79.56,86,0,3.71,CN,2022-07-22 23:18:41
37,New Norfolk,-42.7826,147.0587,51.93,84,100,2.35,AU,2022-07-22 23:18:42
38,Fengzhen,40.4394,113.1536,63.03,60,0,2.68,CN,2022-07-22 23:18:42
39,Basoko,1.2391,23.616,71.71,92,100,4.76,CD,2022-07-22 23:18:42
40,Coos Bay,43.3665,-124.2179,74.32,79,0,20.71,US,2022-07-22 23:18:25
41,Dunedin,-45.8742,170.5036,43.92,81,12,5.32,NZ,2022-07-22 23:18:43
42,Yumen,40.2833,97.2,74.17,16,0,9.95,CN,2022-07-22 23:18:43
43,Talnakh,69.4865,88.3972,67.21,52,50,3.87,RU,2022-07-22 23:18:44
44,Kapaa,22.0752,-159.319,84.52,66,20,14.97,US,2022-07-22 23:18:44
45,Constitucion,-35.3333,-72.4167,53.67,93,30,8.16,CL,2022-07-22 23:15:57
46,Salalah,17.0151,54.0924,77.09,94,100,5.75,OM,2022-07-22 23:18:44
47,Vaitape,-16.5167,-151.75,78.19,73,20,9.53,PF,2022-07-22 23:19:45
48,Grand Gaube,-20.0064,57.6608,68.4,81,1,1.99,MU,2022-07-22 23:19:45
49,Husavik,66.0449,-17.3389,48.25,90,28,4.32,IS,2022-07-22 23:19:45
50,Bodden Town,19.2833,-81.25,89.6,69,20,11.5,KY,2022-07-22 23:19:46
51,Port Elizabeth,-33.918,25.5701,58.32,84,0,8.05,ZA,2022-07-22 23:19:46
52,Barrow,71.2906,-156.7887,41.02,87,100,11.5,US,2022-07-22 23:19:47
53,Banda Aceh,5.5577,95.3222,78.89,80,100,3.78,ID,2022-07-22 23:19:47
54,Leua,48.2156,18.6071,78.49,48,0,5.41,SK,2022-07-22 23:19:47
55,Hami,42.8,93.45,79.09,19,0,3.83,CN,2022-07-22 23:19:47
56,Ostrovnoy,68.0531,39.5131,51.78,89,98,16.82,RU,2022-07-22 23:19:48
57,Punta Arenas,-53.15,-70.9167,35.71,75,0,13.8,CL,2022-07-22 23:19:48
58,Pevek,69.7008,170.3133,32.92,89,98,5.7,RU,2022-07-22 23:19:49
59,Pangnirtung,66.1451,-65.7125,54.72,56,9,3.0,CA,2022-07-22 23:19:49
60,Torbay,47.6666,-52.7314,72.88,70,75,9.22,CA,2022-07-22 23:19:50
61,Atuona,-9.8,-139.0333,77.7,77,11,14.9,PF,2022-07-22 23:19:50
62,Loiza,18.4313,-65.8802,84.16,80,40,13.8,PR,2022-07-22 23:19:50
63,De-Kastri,51.4667,140.7833,61.3,75,100,2.62,RU,2022-07-22 23:19:51
64,Mataura,-46.1927,168.8643,37.47,80,13,2.93,NZ,2022-07-22 23:19:51
65,Bengkulu,-3.8004,102.2655,75.02,87,80,4.36,ID,2022-07-22 23:19:51
66,Hobart,-42.8794,147.3294,52.27,85,75,1.14,AU,2022-07-22 23:15:02
67,Ilulissat,69.2167,-51.1,50.02,93,75,6.91,GL,2022-07-22 23:19:52
68,Cherskiy,68.75,161.3,48.96,53,14,4.18,RU,2022-07-22 23:19:52
69,Pyaozerskiy,65.8333,31.1667,56.37,81,100,5.75,RU,2022-07-22 23:19:52
70,High Level,58.5169,-117.136,68.11,60,75,4.61,CA,2022-07-22 23:19:53
71,Ribeira Grande,38.5167,-28.7,73.65,89,80,5.73,PT,2022-07-22 23:19:53
72,Poum,-20.2333,164.0167,76.57,84,98,20.45,NC,2022-07-22 23:19:53
73,Oranjemund,-28.55,16.4333,54.1,93,87,7.67,NA,2022-07-22 23:19:54
74,Santa Maria,-29.6842,-53.8069,65.52,91,95,3.47,BR,2022-07-22 23:19:54
75,Barentu,15.1139,37.5928,75.85,68,28,6.96,ER,2022-07-22 23:19:55
76,Ushuaia,-54.8,-68.3,35.26,87,75,16.11,AR,2022-07-22 23:19:55
77,East London,-33.0153,27.9116,66.42,50,29,11.68,ZA,2022-07-22 23:19:55
78,Esperance,-33.8667,121.9,55.56,67,62,16.49,AU,2022-07-22 23:19:42
79,Katsuura,35.1333,140.3,80.02,78,0,19.28,JP,2022-07-22 23:19:56
80,Hamilton,39.1834,-84.5333,93.76,50,0,8.05,US,2022-07-22 23:15:17
81,Severo-Kurilsk,50.6789,156.125,55.47,90,52,6.38,RU,2022-07-22 23:19:56
82,Avarua,-21.2078,-159.775,78.85,78,80,8.05,CK,2022-07-22 23:19:57
83,Marzuq,14.4,46.4667,79.54,52,29,7.0,YE,2022-07-22 23:19:57
84,Qaanaaq,77.484,-69.3632,37.9,94,100,7.99,GL,2022-07-22 23:19:58
85,Jamestown,42.097,-79.2353,82.02,50,0,11.5,US,2022-07-22 23:19:58
86,Kuzhener,56.8111,48.9128,60.53,81,67,5.97,RU,2022-07-22 23:19:58
87,Raga,8.4596,25.678,68.56,98,92,4.0,SS,2022-07-22 23:19:59
88,Nanortalik,60.1432,-45.2371,46.65,84,23,4.07,GL,2022-07-22 23:19:59
89,Maxixe,-23.8597,35.3472,64.83,85,0,2.93,MZ,2022-07-22 23:20:00
90,Burnie,-41.0667,145.9167,54.95,84,100,13.13,AU,2022-07-22 23:21:00
91,Oliveira Dos Brejinhos,-12.3169,-42.8961,74.39,46,13,7.4,BR,2022-07-22 23:21:01
92,Cordoba,-31.4135,-64.1811,64.76,67,20,3.44,AR,2022-07-22 23:21:01
93,Kunstat,49.5065,16.5172,73.49,75,1,2.3,CZ,2022-07-22 23:21:02
94,Hendek,40.7994,30.7481,61.88,60,0,4.29,TR,2022-07-22 23:21:02
95,Yellowknife,62.456,-114.3525,68.52,52,20,10.36,CA,2022-07-22 23:20:57
96,Xifeng,42.7372,124.7222,70.57,88,100,3.0,CN,2022-07-22 23:21:02
97,Brazzaville,-4.2658,15.2832,78.46,56,80,4.16,CG,2022-07-22 23:21:03
98,Chuy,-33.6971,-53.4616,54.43,98,92,4.88,UY,2022-07-22 23:21:03
99,Vila Franca Do Campo,37.7167,-25.4333,74.19,81,78,1.52,PT,2022-07-22 23:21:04
100,Dikson,73.5069,80.5464,51.62,78,88,14.0,RU,2022-07-22 23:21:04
101,San Vicente De Canete,-13.0751,-76.3835,61.16,84,25,2.44,PE,2022-07-22 23:21:04
102,Laguna,38.421,-121.4238,104.14,16,0,10.36,US,2022-07-22 23:19:32
103,Bethel,41.3712,-73.414,87.03,62,23,6.69,US,2022-07-22 23:17:26
104,Taperoa,-7.2075,-36.8267,68.81,87,99,13.24,BR,2022-07-22 23:21:05
105,Juegang,32.3174,121.1855,88.99,89,99,8.68,CN,2022-07-22 23:21:05
106,Hithadhoo,-0.6,73.0833,81.84,72,100,7.85,MV,2022-07-22 23:21:06
107,Bairiki,1.3292,172.9752,80.6,89,75,4.61,KI,2022-07-22 23:21:06
108,Abu Dhabi,24.4667,54.3667,100.51,51,0,3.44,AE,2022-07-22 23:20:25
109,Leh,34.1667,77.5833,68.11,25,98,5.57,IN,2022-07-22 23:21:07
110,Wainwright,52.839,-110.8572,66.83,55,29,12.17,CA,2022-07-22 23:19:34
111,Lima,-12.0432,-77.0282,61.9,77,100,9.22,PE,2022-07-22 23:16:17
112,Noumea,-22.2763,166.4572,75.99,99,85,4.09,NC,2022-07-22 23:21:07
113,Asau,46.4333,26.4,68.95,81,6,3.69,RO,2022-07-22 23:21:07
114,Mahebourg,-20.4081,57.7,68.29,88,75,10.36,MU,2022-07-22 23:21:08
115,Along,28.1667,94.7667,74.89,87,100,1.97,IN,2022-07-22 23:21:08
116,Port Lincoln,-34.7333,135.8667,52.2,76,41,5.64,AU,2022-07-22 23:21:09
117,Cabo San Lucas,22.8909,-109.9124,99.61,34,0,6.91,MX,2022-07-22 23:19:17
118,Vao,-22.6667,167.4833,74.55,88,89,24.7,NC,2022-07-22 23:21:09
119,Tasiilaq,65.6145,-37.6368,37.56,73,34,7.94,GL,2022-07-22 23:21:10
120,Shache,38.4167,77.2406,83.71,14,0,1.48,CN,2022-07-22 23:21:10
121,Tilichiki,60.4667,166.1,59.72,51,8,1.36,RU,2022-07-22 23:21:10
122,Saint Anthony,45.0205,-93.218,94.17,39,0,11.5,US,2022-07-22 23:21:11
123,Shimoda,34.6667,138.95,86.11,76,0,17.47,JP,2022-07-22 23:21:11
124,Cayenne,4.9333,-52.3333,81.09,1,77,0.0,GF,2022-07-22 23:18:45
125,Atemar,54.181,45.4091,57.7,94,77,6.89,RU,2022-07-22 23:21:12
126,Bulgan,48.8125,103.5347,52.36,82,98,1.95,MN,2022-07-22 23:21:12
127,Upernavik,72.7868,-56.1549,42.6,94,100,19.42,GL,2022-07-22 23:21:12
128,Bredasdorp,-34.5322,20.0403,55.13,91,100,9.31,ZA,2022-07-22 23:21:13
129,Kousseri,12.0769,15.0306,81.81,66,99,6.4,CM,2022-07-22 23:21:13
130,Cidreira,-30.1811,-50.2056,62.94,94,98,5.66,BR,2022-07-22 23:21:14
131,Lisieux,49.1667,0.1667,64.13,96,40,8.61,FR,2022-07-22 23:21:14
132,Huarmey,-10.0681,-78.1522,63.73,82,10,10.04,PE,2022-07-22 23:21:14
133,El Fuerte,26.4189,-108.6194,94.33,50,79,12.8,MX,2022-07-22 23:21:15
134,Gigmoto,13.7796,124.39,81.12,86,100,1.34,PH,2022-07-22 23:21:15
135,Ikom,5.9667,8.7063,71.98,98,99,2.51,NG,2022-07-22 23:21:16
136,Keffi,8.8486,7.8736,71.08,96,99,3.27,NG,2022-07-22 23:22:16
137,Caibarien,22.5206,-79.4669,85.32,79,4,17.38,CU,2022-07-22 23:22:16
138,Tres Arroyos,-38.3739,-60.2798,42.89,84,88,8.16,AR,2022-07-22 23:22:06
139,Havre-Saint-Pierre,50.2334,-63.5986,59.36,100,100,3.44,CA,2022-07-22 23:22:17
140,Ballina,-28.8667,153.5667,58.01,99,100,20.38,AU,2022-07-22 23:22:17
141,San Cristobal,7.7669,-72.225,75.38,82,61,3.27,VE,2022-07-22 23:22:17
142,Albany,42.6001,-73.9662,85.68,52,46,4.65,US,2022-07-22 23:20:17
143,Souillac,-20.5167,57.5167,68.38,88,75,10.36,MU,2022-07-22 23:22:18
144,Atikokan,48.7555,-91.6216,74.3,45,36,9.98,CA,2022-07-22 23:22:18
145,Bambous Virieux,-20.3428,57.7575,68.25,88,75,10.36,MU,2022-07-22 23:22:19
146,Valdivia,-39.8142,-73.2459,53.69,97,100,10.83,CL,2022-07-22 23:22:19
147,Quatre Cocos,-20.2078,57.7625,68.11,79,17,13.69,MU,2022-07-22 23:22:19
148,Martapura,-3.4167,114.85,73.49,94,53,3.44,ID,2022-07-22 23:22:20
149,Oussouye,12.485,-16.5469,76.89,92,100,14.79,SN,2022-07-22 23:21:03
150,Krasnoselkup,65.7,82.4667,52.2,94,83,9.33,RU,2022-07-22 23:22:20
151,Hilo,19.7297,-155.09,86.29,79,40,5.75,US,2022-07-22 23:22:20
152,Villafranca De Los Barros,38.5614,-6.3381,81.19,17,3,6.73,ES,2022-07-22 23:22:21
153,Garden City,42.3256,-83.331,89.98,42,40,12.66,US,2022-07-22 23:22:21
154,Tecoanapa,16.5167,-98.75,85.08,69,97,6.87,MX,2022-07-22 23:22:21
155,Dudinka,69.4058,86.1778,67.62,62,69,8.57,RU,2022-07-22 23:22:22
156,Port Hedland,-20.3167,118.5667,64.45,100,0,6.91,AU,2022-07-22 23:19:19
157,Darnah,32.767,22.6367,76.78,77,0,14.0,LY,2022-07-22 23:20:10
158,Lebu,-37.6167,-73.65,53.28,97,100,12.17,CL,2022-07-22 23:22:23
159,Beringovskiy,63.05,179.3167,46.89,87,100,9.57,RU,2022-07-22 23:22:23
160,Mezhdurechensk,53.6942,88.0603,55.26,99,96,3.69,RU,2022-07-22 23:22:23
161,Gamboma,-1.8764,15.8644,76.24,73,100,4.92,CG,2022-07-22 23:22:24
162,Jalu,29.0331,21.5482,77.68,56,0,14.92,LY,2022-07-22 23:22:24
163,Narsaq,60.9167,-46.05,59.22,74,42,4.56,GL,2022-07-22 23:22:24
164,Guia De Isora,28.2115,-16.7795,69.12,49,0,3.71,ES,2022-07-22 23:22:25
165,Greystones,53.1408,-6.0631,63.46,92,98,6.51,IE,2022-07-22 23:22:25
166,Mabaruma,8.2,-59.7833,75.22,89,12,3.15,GY,2022-07-22 23:22:26
167,Kodiak,57.79,-152.4072,54.91,67,100,10.36,US,2022-07-22 23:22:15
168,Seoul,37.5683,126.9778,76.57,88,75,3.44,KR,2022-07-22 23:22:26
169,Jaciara,-15.9653,-54.9683,77.41,33,4,0.74,BR,2022-07-22 23:22:26
170,San Quintin,30.4833,-115.95,73.31,65,93,15.97,MX,2022-07-22 23:22:27
171,Riyadh,24.6877,46.7219,89.74,18,24,6.22,SA,2022-07-22 23:21:31
172,Ganzhou,28.8184,115.4327,83.44,77,28,4.83,CN,2022-07-22 23:22:27
173,Daru,-9.0763,143.2092,78.08,88,55,11.39,PG,2022-07-22 23:20:29
174,Arraial Do Cabo,-22.9661,-42.0278,71.62,87,2,17.74,BR,2022-07-22 23:22:28
175,Tselinnoye,53.0833,85.6667,54.79,95,69,6.76,RU,2022-07-22 23:22:28
176,Yar-Sale,66.8333,70.8333,44.65,95,100,14.41,RU,2022-07-22 23:22:29
177,Waipawa,-41.4122,175.5153,45.23,72,100,3.91,NZ,2022-07-22 23:22:29
178,Tokmak,47.2514,35.7058,60.78,83,5,8.9,UA,2022-07-22 23:22:29
179,El Retorno,2.3302,-72.6276,74.66,93,95,1.72,CO,2022-07-22 23:22:30
180,Kenora,49.8167,-94.4337,77.77,46,75,12.66,CA,2022-07-22 23:22:30
181,Chicama,-7.8447,-79.1469,59.54,78,5,8.75,PE,2022-07-22 23:22:31
182,Mizdah,31.4451,12.9801,71.82,57,0,11.83,LY,2022-07-22 23:23:31
183,Puerto Escondido,15.85,-97.0667,85.03,65,75,5.75,MX,2022-07-22 23:20:16
184,Srivardhan,18.0333,73.0167,79.07,82,100,5.12,IN,2022-07-22 23:23:32
185,Hit,33.6416,42.8251,89.13,18,0,9.13,IQ,2022-07-22 23:23:32
186,Tinca,46.7749,21.9316,75.31,35,16,4.59,RO,2022-07-22 23:23:32
187,Manica,49.0,-1.1667,56.28,97,30,4.09,FR,2022-07-22 23:23:33
188,Suntar,62.1444,117.6319,67.39,74,97,5.12,RU,2022-07-22 23:23:33
189,Grindavik,63.8424,-22.4338,53.55,100,75,4.61,IS,2022-07-22 23:23:33
190,Airai,-8.9266,125.4092,55.15,73,92,3.02,TL,2022-07-22 23:23:34
191,Victoria,22.2855,114.1577,87.85,80,44,1.01,HK,2022-07-22 23:21:26
192,Anloga,5.7947,0.8973,75.47,86,53,12.59,GH,2022-07-22 23:23:34
193,Inirida,3.8653,-67.9239,74.91,96,98,2.66,CO,2022-07-22 23:23:35
194,Kiruna,67.8557,20.2251,45.52,76,11,11.5,SE,2022-07-22 23:23:35
195,Puerto Leguizamo,-0.1934,-74.7819,77.02,80,84,1.05,CO,2022-07-22 23:23:35
196,Klyuchi,52.2667,79.1667,61.86,72,20,5.39,RU,2022-07-22 23:23:07
197,Manta,-0.95,-80.7333,74.98,78,20,10.36,EC,2022-07-22 23:21:14
198,Evensk,61.95,159.2333,63.27,42,34,0.16,RU,2022-07-22 23:23:36
199,Beaune,47.0833,4.75,65.84,93,81,4.03,FR,2022-07-22 23:23:36
200,Saldanha,-33.0117,17.9442,53.65,89,100,8.86,ZA,2022-07-22 23:23:37
201,Georgetown,5.4112,100.3354,78.89,95,20,0.0,MY,2022-07-22 23:23:37
202,Chadan,51.2833,91.5833,54.59,92,62,1.21,RU,2022-07-22 23:23:37
203,Carnarvon,-24.8667,113.6333,61.65,67,6,9.53,AU,2022-07-22 23:23:38
204,Geraldton,-28.7667,114.6,52.21,87,75,14.97,AU,2022-07-22 23:19:17
205,Fez,34.0372,-4.9998,86.25,23,0,8.05,MA,2022-07-22 23:23:38
206,Slave Lake,55.2834,-114.769,66.18,55,20,6.91,CA,2022-07-22 23:23:39
207,Coihaique,-45.5752,-72.0662,19.35,86,20,3.44,CL,2022-07-22 23:23:39
208,Masterton,-40.9597,175.6575,50.88,77,99,1.1,NZ,2022-07-22 23:23:39
209,Labuhan,-6.8844,112.2051,74.66,85,60,7.2,ID,2022-07-22 23:23:35
210,Pavlogradka,54.2024,73.5592,54.03,86,1,7.16,RU,2022-07-22 23:23:40
211,Omoa,15.7667,-88.0333,82.58,89,100,7.38,HN,2022-07-22 23:23:40
212,Kahului,20.8947,-156.47,89.62,58,40,21.85,US,2022-07-22 23:23:41
213,Ulaangom,49.9811,92.0667,58.62,76,78,5.17,MN,2022-07-22 23:23:41
214,Pisco,-13.7,-76.2167,60.85,82,20,4.61,PE,2022-07-22 23:23:41
215,Ko Samui,9.5357,99.9357,79.88,86,100,16.89,TH,2022-07-22 23:23:42
216,Los Llanos De Aridane,28.6585,-17.9182,67.75,83,0,17.27,ES,2022-07-22 23:23:42
217,Mnogovershinnyy,53.9353,139.9242,64.87,44,86,3.38,RU,2022-07-22 23:23:42
218,Neyshabur,36.2133,58.7958,82.35,20,0,3.24,IR,2022-07-22 23:23:43
219,Kirensk,57.7853,108.1119,63.43,94,100,3.38,RU,2022-07-22 23:23:43
220,Tazovskiy,67.4667,78.7,45.54,96,100,10.09,RU,2022-07-22 23:23:43
221,Bubaque,11.2833,-15.8333,78.48,87,100,18.79,GW,2022-07-22 23:23:44
222,Podporozhye,60.9112,34.1706,61.57,78,52,5.03,RU,2022-07-22 23:23:44
223,Yulara,-25.2406,130.9889,55.94,35,7,7.25,AU,2022-07-22 23:23:44
224,Astara,38.5,48.6667,65.1,54,0,3.98,AZ,2022-07-22 23:23:45
225,Faanui,-16.4833,-151.75,78.19,73,20,9.51,PF,2022-07-22 23:23:11
226,Ishim,56.1128,69.4902,53.13,93,39,5.82,RU,2022-07-22 23:23:45
227,Yurla,59.3259,54.3223,56.62,89,62,3.85,RU,2022-07-22 23:23:46
228,Salinopolis,-0.6136,-47.3561,78.93,83,83,9.78,BR,2022-07-22 23:24:46
229,Varhaug,58.6147,5.6457,55.89,86,100,9.86,NO,2022-07-22 23:24:47
230,Lompoc,34.6391,-120.4579,73.85,73,0,24.0,US,2022-07-22 23:24:47
231,Tuatapere,-46.1333,167.6833,42.1,84,13,4.0,NZ,2022-07-22 23:24:47
232,Saint-Augustin,51.226,-58.6502,57.72,91,100,11.27,CA,2022-07-22 23:24:48
233,Porto Novo,6.4965,2.6036,78.62,85,98,7.23,BJ,2022-07-22 23:22:05
234,Saint-Francois,46.4154,3.9054,71.04,64,0,9.22,FR,2022-07-22 23:21:55
235,Staryy Oskol,51.2967,37.8417,56.3,95,41,8.03,RU,2022-07-22 23:24:48
236,Ola,59.5833,151.2833,73.15,65,43,1.66,RU,2022-07-22 23:24:48
237,Vilyuysk,63.7553,121.6247,64.18,82,100,4.12,RU,2022-07-22 23:24:49
238,Khatanga,71.9667,102.5,41.81,89,100,15.19,RU,2022-07-22 23:24:49
239,Kutulik,53.3508,102.7839,56.84,99,100,5.3,RU,2022-07-22 23:24:50
240,Paita,-5.0892,-81.1144,64.06,83,30,14.36,PE,2022-07-22 23:24:50
241,Fukue,32.6881,128.8419,79.16,78,20,1.14,JP,2022-07-22 23:24:50
242,Adrar,20.5022,-10.0711,87.73,46,41,19.51,MR,2022-07-22 23:24:51
243,Lorengau,-2.0226,147.2712,82.89,78,33,10.38,PG,2022-07-22 23:20:55
244,Biltine,14.5333,20.9167,78.6,63,68,5.73,TD,2022-07-22 23:24:51
245,Tautira,-17.7333,-149.15,75.83,78,19,8.52,PF,2022-07-22 23:24:52
246,Mount Gambier,-37.8333,140.7667,51.31,98,100,8.9,AU,2022-07-22 23:24:24
247,Padang,-0.9492,100.3543,77.9,85,98,4.0,ID,2022-07-22 23:24:52
248,Nahariyya,33.0059,35.0941,79.95,90,0,4.79,IL,2022-07-22 23:24:53
249,Cuyo,10.8525,121.0086,83.82,75,100,8.84,PH,2022-07-22 23:23:14
250,Sistranda,63.7256,8.834,51.76,87,29,16.24,NO,2022-07-22 23:24:53
251,Norman Wells,65.282,-126.8329,78.84,36,75,11.5,CA,2022-07-22 23:22:15
252,Camacha,33.0833,-16.3333,67.42,73,75,10.36,PT,2022-07-22 23:24:53
253,Taltal,-25.4,-70.4833,57.09,85,100,3.33,CL,2022-07-22 23:24:54
254,Pacific Grove,36.6177,-121.9166,89.38,74,0,10.36,US,2022-07-22 23:24:54
255,Clyde River,70.4692,-68.5914,57.43,62,75,13.8,CA,2022-07-22 23:23:53
256,Flin Flon,54.7682,-101.865,58.84,82,100,5.75,CA,2022-07-22 23:24:55
257,Halifax,44.6453,-63.5724,84.09,79,20,5.01,CA,2022-07-22 23:23:57
258,La Ronge,55.1001,-105.2842,59.25,67,100,11.5,CA,2022-07-22 23:22:51
259,Manacapuru,-3.2997,-60.6206,80.22,77,73,3.4,BR,2022-07-22 23:24:55
260,Iqaluit,63.7506,-68.5145,49.73,81,75,3.44,CA,2022-07-22 23:24:56
261,Codrington,-38.2667,141.9667,51.04,94,100,11.16,AU,2022-07-22 23:24:56
262,Soyo,-6.1349,12.3689,68.45,88,75,4.81,AO,2022-07-22 23:24:56
263,Aklavik,68.2191,-135.0107,66.2,72,75,12.66,CA,2022-07-22 23:24:57
264,Tambacounda,13.7539,-13.7586,76.28,88,100,7.4,SN,2022-07-22 23:24:57
265,Khao Wong,16.7001,104.0902,74.62,94,100,1.88,TH,2022-07-22 23:24:57
266,Saint-Medard-En-Jalles,44.8969,-0.7214,62.82,82,0,4.61,FR,2022-07-22 23:24:58
267,Atmakur,15.8833,78.5833,74.05,93,100,4.9,IN,2022-07-22 23:24:58
268,Sao Filipe,14.8961,-24.4956,75.18,81,72,1.83,CV,2022-07-22 23:24:58
269,Pangody,65.85,74.4859,46.85,86,100,2.71,RU,2022-07-22 23:24:59
270,Xuddur,4.1213,43.8894,69.64,74,44,16.53,SO,2022-07-22 23:24:59
271,Poso,-1.3959,120.7524,77.52,81,7,4.34,ID,2022-07-22 23:25:00
272,Lavrentiya,65.5833,-171.0,44.28,87,100,10.92,RU,2022-07-22 23:25:00
273,Cockburn Town,21.4612,-71.1419,80.56,74,75,6.91,TC,2022-07-22 23:22:15
274,Palmer,42.1584,-72.3287,89.2,53,20,10.36,US,2022-07-22 23:26:00
275,Namie,37.4833,141.0,80.71,96,87,2.04,JP,2022-07-22 23:26:01
276,Cap Malheureux,-19.9842,57.6142,66.47,81,1,4.0,MU,2022-07-22 23:26:01
277,Ocos,14.5094,-92.1933,87.98,75,74,9.35,GT,2022-07-22 23:26:01
278,Pedernales,18.0384,-71.744,86.63,61,69,11.18,DO,2022-07-22 23:26:02
279,Marystown,47.1666,-55.1483,66.85,100,51,6.17,CA,2022-07-22 23:26:02
280,Nebug,44.1714,39.0036,66.42,83,27,7.61,RU,2022-07-22 23:26:03
281,Tomatlan,19.9333,-105.25,86.97,69,91,10.56,MX,2022-07-22 23:26:03
282,Ponta Do Sol,32.6667,-17.1,71.71,79,15,4.72,PT,2022-07-22 23:26:03
283,Mitsamiouli,-11.3847,43.2844,75.15,75,0,5.21,KM,2022-07-22 23:26:04
284,Petropavlovsk-Kamchatskiy,53.0452,158.6483,59.59,72,75,11.18,RU,2022-07-22 23:26:04
285,Zaoyang,32.1272,112.7542,72.28,89,100,2.1,CN,2022-07-22 23:26:04
286,Sinnamary,5.3833,-52.95,78.35,85,43,6.8,GF,2022-07-22 23:26:05
287,Cairns,-16.9167,145.7667,74.1,70,9,10.36,AU,2022-07-22 23:25:20
288,Isangel,-19.55,169.2667,78.91,83,75,1.14,VU,2022-07-22 23:26:05
289,Sorgun,39.8101,35.186,56.79,84,0,5.66,TR,2022-07-22 23:26:06
290,Santiago Del Estero,-27.7951,-64.2615,70.23,57,70,4.72,AR,2022-07-22 23:21:32
291,Sjovegan,68.8726,17.8474,53.2,94,100,9.51,NO,2022-07-22 23:26:06
292,Puerto Quijarro,-17.7833,-57.7667,78.51,35,14,1.32,BO,2022-07-22 23:26:06
293,Vila Velha,-20.3297,-40.2925,73.35,91,40,4.61,BR,2022-07-22 23:26:07
294,Nisia Floresta,-6.0911,-35.2086,77.38,89,98,9.44,BR,2022-07-22 23:26:07
295,Moba,33.2288,105.0179,58.35,90,0,2.35,CN,2022-07-22 23:26:08
296,Stillwater,36.1156,-97.0584,100.69,28,0,9.22,US,2022-07-22 23:26:08
297,Turbat,26.0023,63.044,83.64,76,100,5.23,PK,2022-07-22 23:26:09
298,Nakhon Thai,17.1006,100.8374,73.78,99,100,2.1,TH,2022-07-22 23:26:09
299,Presidente Epitacio,-21.7633,-52.1156,74.7,32,72,5.08,BR,2022-07-22 23:26:09
300,Callaguip,18.0714,120.4867,80.62,89,20,6.91,PH,2022-07-22 23:26:10
301,Manokwari,-0.8667,134.0833,81.23,72,47,5.26,ID,2022-07-22 23:26:10
302,Liepaja,56.5419,21.0367,64.38,100,75,5.75,LV,2022-07-22 23:26:11
303,Leningradskiy,69.3833,178.4167,37.99,83,89,9.06,RU,2022-07-22 23:26:11
304,Milkovo,54.7167,158.6167,57.2,64,97,4.38,RU,2022-07-22 23:26:11
305,Roald,62.5833,6.1333,57.33,87,75,17.27,NO,2022-07-22 23:26:12
306,Enshi,30.3,109.4833,73.87,96,91,1.92,CN,2022-07-22 23:26:12
307,Moose Jaw,50.4001,-105.5344,75.45,43,75,9.22,CA,2022-07-22 23:23:43
308,Nyaunglebin,17.95,96.7333,74.8,92,99,3.11,MM,2022-07-22 23:26:12
309,Tel Aviv-Yafo,32.0805,34.7805,78.98,81,20,5.75,IL,2022-07-22 23:26:13
310,Kaeo,-35.1,173.7833,56.14,71,91,15.46,NZ,2022-07-22 23:26:13
311,Padinska Skela,44.9392,20.4303,77.32,62,0,4.61,RS,2022-07-22 23:26:14
312,Bandarbeyla,9.4942,50.8122,77.13,78,37,29.64,SO,2022-07-22 23:26:14
313,Talant,47.3369,5.0089,68.61,68,0,5.75,FR,2022-07-22 23:26:14
314,Aksu,41.1231,80.2644,78.55,24,0,1.28,CN,2022-07-22 23:26:15
315,Nome,64.5011,-165.4064,49.15,87,100,10.36,US,2022-07-22 23:26:15
316,Zelenets,61.8849,50.7489,53.85,75,47,3.56,RU,2022-07-22 23:26:15
317,Vanimo,-2.6741,141.3028,81.05,77,54,4.41,PG,2022-07-22 23:26:16
318,Sao Miguel Do Araguaia,-13.275,-50.1628,78.3,32,2,1.88,BR,2022-07-22 23:26:16
319,Hailar,49.2,119.7,70.43,70,31,7.76,CN,2022-07-22 23:26:17
320,Mezinovskiy,55.5042,40.3593,58.35,80,8,5.01,RU,2022-07-22 23:26:17
321,Bardiyah,31.7561,25.0865,76.98,72,0,11.07,LY,2022-07-22 23:23:43
322,Malayal,7.208,121.942,76.8,85,100,3.85,PH,2022-07-22 23:27:17
323,Brownsville,25.9018,-97.4975,95.09,60,40,19.57,US,2022-07-22 23:24:05
324,Solvychegodsk,61.3305,46.9156,58.86,80,59,3.36,RU,2022-07-22 23:27:18
325,Atar,20.5169,-13.0499,87.03,52,92,3.67,MR,2022-07-22 23:27:18
326,Maiduguri,11.8464,13.1603,79.43,71,82,7.74,NG,2022-07-22 23:27:19
327,Jinchang,38.4953,102.1739,69.96,35,0,6.24,CN,2022-07-22 23:27:19
328,Plettenberg Bay,-34.0527,23.3716,56.23,62,100,5.64,ZA,2022-07-22 23:27:19
329,Longyearbyen,78.2186,15.6401,48.04,87,75,3.44,SJ,2022-07-22 23:24:58
330,Cleethorpes,53.5605,-0.0323,60.96,72,75,11.5,GB,2022-07-22 23:27:20
331,San Rafael,-34.6177,-68.3301,56.25,32,29,2.62,AR,2022-07-22 23:26:19
332,Iraklia,41.184,23.2829,72.86,51,0,2.01,GR,2022-07-22 23:27:20
333,Diban,35.0365,40.5167,86.83,23,0,14.27,SY,2022-07-22 23:27:21
334,Escarcega,18.6089,-90.7454,84.63,59,91,3.76,MX,2022-07-22 23:27:21
335,North Bend,43.4065,-124.2243,74.91,79,0,20.71,US,2022-07-22 23:23:08
336,Kimberley,-28.7323,24.7623,55.09,54,93,4.61,ZA,2022-07-22 23:27:22
337,Kamenka,51.3223,42.7678,57.49,91,97,6.51,RU,2022-07-22 23:27:22
338,Langsa,4.4683,97.9683,73.11,95,41,1.19,ID,2022-07-22 23:27:22
339,Gariaband,20.635,82.0614,75.04,97,100,3.74,IN,2022-07-22 23:27:23
340,Beecher,43.09,-83.6944,89.78,39,0,11.5,US,2022-07-22 23:27:23
341,Namibe,-15.1961,12.1522,62.65,82,4,3.96,AO,2022-07-22 23:24:53
342,Vestmannaeyjar,63.4427,-20.2734,51.31,90,100,2.73,IS,2022-07-22 23:27:23
343,Beyneu,45.3167,55.2,77.07,53,79,18.57,KZ,2022-07-22 23:27:24
344,Duku,11.2361,4.9073,74.12,94,98,4.05,NG,2022-07-22 23:27:24
345,Meadow Lake,34.8014,-106.5436,94.44,22,36,15.77,US,2022-07-22 23:27:25
346,Mushie,-3.0167,16.9,75.81,71,73,3.02,CD,2022-07-22 23:27:25
347,Marysville,48.0518,-122.1771,81.09,59,0,11.5,US,2022-07-22 23:27:25
348,Kruisfontein,-34.0033,24.7314,48.88,79,100,6.31,ZA,2022-07-22 23:27:26
349,Flinders,-34.5833,150.8552,57.06,93,76,5.99,AU,2022-07-22 23:27:26
350,Korem,12.5058,39.5228,61.45,69,18,2.62,ET,2022-07-22 23:27:26
351,Chapleau,47.8405,-83.4034,75.29,46,40,10.36,CA,2022-07-22 23:27:27
352,Maragogi,-9.0122,-35.2225,74.39,86,100,8.14,BR,2022-07-22 23:27:27
353,Kidal,18.4411,1.4078,95.16,19,58,3.91,ML,2022-07-22 23:27:27
354,Ust-Maya,60.4167,134.5333,72.25,65,100,1.1,RU,2022-07-22 23:27:28
355,Brae,60.3964,-1.353,51.37,75,100,8.59,GB,2022-07-22 23:27:28
356,Shelburne,44.0787,-80.2041,80.11,48,25,8.7,CA,2022-07-22 23:27:29
357,Honningsvag,70.9821,25.9704,51.55,76,100,11.5,NO,2022-07-22 23:27:29
358,Dali,25.7,100.1833,62.1,94,100,2.39,CN,2022-07-22 23:27:29
359,Fallon,39.4735,-118.7774,98.47,3,20,17.27,US,2022-07-22 23:27:30
360,Sitka,57.0531,-135.33,55.29,82,100,8.05,US,2022-07-22 23:24:06
361,Nyurba,63.2842,118.3319,66.4,81,100,4.03,RU,2022-07-22 23:27:30
362,Anadyr,64.75,177.4833,48.7,70,75,8.95,RU,2022-07-22 23:27:30
363,Buala,-8.145,159.5921,83.66,72,15,5.61,SB,2022-07-22 23:27:31
364,Gorontalo,0.5412,123.0595,76.89,88,9,3.06,ID,2022-07-22 23:27:31
365,Sandwick,60.0,-1.25,49.82,81,100,3.44,GB,2022-07-22 23:27:32
366,Srandakan,-7.9386,110.2506,73.58,88,87,4.74,ID,2022-07-22 23:27:32
367,Kalakamati,-20.5929,27.3121,59.56,55,90,9.6,BW,2022-07-22 23:27:32
368,Bijar,35.8668,47.6051,65.05,24,0,4.5,IR,2022-07-22 23:28:33
369,Sao Joao Do Paraiso,-15.3136,-42.0144,67.55,56,55,6.91,BR,2022-07-22 23:28:33
370,Pindushi,62.9152,34.58,63.07,83,47,4.63,RU,2022-07-22 23:28:34
371,Rocha,-34.4833,-54.3333,51.4,97,32,3.91,UY,2022-07-22 23:24:26
372,Ponta Delgada,37.7333,-25.6667,75.51,88,20,3.44,PT,2022-07-22 23:25:41
373,Lerwick,60.1545,-1.1494,50.0,75,100,9.33,GB,2022-07-22 23:28:34
374,Mogadishu,2.0371,45.3438,75.7,82,32,17.36,SO,2022-07-22 23:28:35
375,Orlik,52.5178,99.825,52.41,95,100,2.48,RU,2022-07-22 23:28:35
376,Makakilo City,21.3469,-158.0858,88.12,50,20,13.8,US,2022-07-22 23:23:51
377,Akyab,20.15,92.9,78.4,86,100,8.3,MM,2022-07-22 23:28:35
378,Tiksi,71.6872,128.8694,46.4,80,87,7.4,RU,2022-07-22 23:28:36
379,Touros,-5.1989,-35.4608,75.6,85,100,13.98,BR,2022-07-22 23:28:36
380,Bilma,18.6853,12.9164,94.78,23,75,4.23,NE,2022-07-22 23:28:37
381,Shubarkuduk,49.1447,56.4872,71.65,57,69,4.41,KZ,2022-07-22 23:28:37
382,Mezen,65.8522,44.24,53.92,97,92,9.31,RU,2022-07-22 23:28:37
383,Nuuk,64.1835,-51.7216,48.81,81,20,5.75,GL,2022-07-22 23:25:44
384,Pimampiro,0.4,-77.9667,61.74,84,100,0.87,EC,2022-07-22 23:28:38
385,Duluth,46.7833,-92.1066,88.36,39,0,17.27,US,2022-07-22 23:26:06
386,Varenikovskaya,45.1209,37.6417,66.52,79,45,7.76,RU,2022-07-22 23:28:38
387,Sorong,-0.8833,131.25,77.02,87,88,9.95,ID,2022-07-22 23:28:38
388,Ngunguru,-35.6167,174.5,56.77,70,100,17.49,NZ,2022-07-22 23:28:39
389,Carballo,43.213,-8.691,62.29,88,0,7.29,ES,2022-07-22 23:28:39
390,Vila,42.0304,-8.1588,56.7,79,0,5.77,PT,2022-07-22 23:28:40
391,Mount Isa,-20.7333,139.5,58.77,41,0,1.14,AU,2022-07-22 23:28:40
392,Caravelas,-17.7125,-39.2481,69.85,81,2,4.99,BR,2022-07-22 23:24:17
393,Pemangkat,1.1667,108.9667,76.39,89,37,5.37,ID,2022-07-22 23:23:50
394,Tura,25.5198,90.2201,74.84,92,98,3.33,IN,2022-07-22 23:28:41
395,Sorland,67.667,12.6934,49.86,88,100,20.04,NO,2022-07-22 23:28:41
396,Surgut,61.25,73.4167,50.18,87,0,0.0,RU,2022-07-22 23:28:41
397,Kulhudhuffushi,6.6221,73.07,81.52,76,100,17.2,MV,2022-07-22 23:28:42
398,Broken Hill,-31.95,141.4333,56.14,67,99,8.86,AU,2022-07-22 23:28:42
399,Ifanadiana,-21.3,47.6333,58.95,97,67,1.72,MG,2022-07-22 23:28:42
400,Lagoa,39.05,-27.9833,72.16,91,100,8.66,PT,2022-07-22 23:24:09
401,Nabire,-3.3667,135.4833,77.77,87,57,2.1,ID,2022-07-22 23:28:43
402,Launceston,-41.45,147.1667,53.8,76,40,9.22,AU,2022-07-22 23:28:43
403,Balkhash,46.844,74.9804,73.58,37,25,12.48,KZ,2022-07-22 23:28:44
404,Bud,39.447,-86.1758,91.38,50,33,2.26,US,2022-07-22 23:28:44
405,Anjiang,27.3194,110.1031,78.3,88,7,3.78,CN,2022-07-22 23:28:44
406,Nakusp,50.2499,-117.8023,87.48,50,49,3.44,CA,2022-07-22 23:28:45
407,Starokozache,46.3372,29.9853,66.02,46,0,7.14,UA,2022-07-22 23:28:45
408,Zhangye,38.9342,100.4517,68.68,37,0,5.86,CN,2022-07-22 23:28:45
409,Kollam,8.8833,76.6,76.39,90,100,9.26,IN,2022-07-22 23:28:46
410,Atherton,53.5237,-2.4935,62.15,96,100,1.68,GB,2022-07-22 23:28:46
411,Ulladulla,-35.35,150.4667,55.04,85,81,5.77,AU,2022-07-22 23:25:51
412,Tornio,65.8481,24.1466,57.22,76,100,6.87,FI,2022-07-22 23:28:46
413,Mae Chan,20.1467,99.8526,73.24,99,85,0.11,TH,2022-07-22 23:28:47
414,Tabou,4.423,-7.3528,75.15,72,85,8.48,CI,2022-07-22 23:29:47
415,Coria,39.9879,-6.5377,78.46,22,5,2.42,ES,2022-07-22 23:29:47
416,Humaita,-7.5061,-63.0208,84.52,50,48,2.01,BR,2022-07-22 23:29:48
417,Berdigestyakh,62.0989,126.6992,65.68,88,98,0.92,RU,2022-07-22 23:29:48
418,Kigali,-1.95,30.0588,65.68,59,20,2.3,RW,2022-07-22 23:29:49
419,Pimentel,-6.8367,-79.9342,64.69,72,20,13.8,PE,2022-07-22 23:29:49
420,Chastyye,57.2888,54.9728,62.46,83,87,3.91,RU,2022-07-22 23:29:50
421,Qaqortoq,60.7167,-46.0333,47.35,82,42,6.08,GL,2022-07-22 23:29:50
422,Fortuna,40.5982,-124.1573,68.94,69,6,5.01,US,2022-07-22 23:29:50
423,Tumen,42.9661,129.8425,66.97,99,100,2.15,CN,2022-07-22 23:29:51
424,Egvekinot,66.3167,-179.1667,38.1,83,100,10.18,RU,2022-07-22 23:29:51
425,Sabang,5.8933,95.3214,81.3,74,100,3.94,ID,2022-07-22 23:29:51
426,Shilong,23.1123,113.8425,84.96,71,6,3.4,CN,2022-07-22 23:29:52
427,Mackay,-21.15,149.2,61.45,77,3,4.27,AU,2022-07-22 23:29:52
428,Batagay,67.6333,134.6333,66.0,84,100,2.73,RU,2022-07-22 23:29:53
429,Springbok,-29.6643,17.8865,50.18,54,99,4.21,ZA,2022-07-22 23:29:53
430,Hasaki,35.7333,140.8333,86.29,77,0,17.45,JP,2022-07-22 23:29:53
431,Ales,44.1333,4.0833,74.48,69,82,4.32,FR,2022-07-22 23:29:54
432,Port Macquarie,-31.4333,152.9167,57.88,79,52,11.3,AU,2022-07-22 23:29:54
433,Nishihara,26.1842,127.7558,85.68,84,75,10.36,JP,2022-07-22 23:29:54
434,Veraval,20.9,70.3667,80.53,83,95,15.93,IN,2022-07-22 23:29:55
435,Skagen,57.7209,10.5839,62.2,87,87,7.16,DK,2022-07-22 23:29:55
436,Kichmengskiy Gorodok,59.9816,45.7854,59.56,90,48,3.51,RU,2022-07-22 23:29:55
437,Sergeyevka,53.88,67.4158,56.1,91,4,7.58,KZ,2022-07-22 23:29:56
438,Pskov,57.8136,28.3496,60.71,94,0,0.0,RU,2022-07-22 23:29:56
439,Kumluca,36.3703,30.2869,83.35,38,0,5.19,TR,2022-07-22 23:29:57
440,Dhone,15.4167,77.8833,75.11,87,100,9.37,IN,2022-07-22 23:29:57
441,Abu Samrah,35.3029,37.1841,74.97,52,0,7.11,SY,2022-07-22 23:29:57
442,Sosnovo-Ozerskoye,52.5249,111.5418,63.77,88,61,9.71,RU,2022-07-22 23:29:58
443,Okhotsk,59.3833,143.3,63.21,77,92,3.98,RU,2022-07-22 23:29:58
444,Alice Springs,-23.7,133.8833,53.15,40,1,0.0,AU,2022-07-22 23:29:59
445,Harper,4.375,-7.7169,74.84,73,76,9.22,LR,2022-07-22 23:29:59
446,Aquiraz,-3.9014,-38.3911,80.69,80,77,10.85,BR,2022-07-22 23:29:59
447,Ust-Kulom,61.6864,53.6902,50.81,64,39,2.75,RU,2022-07-22 23:30:00
448,Bilad,15.7334,120.4356,79.77,83,6,3.74,PH,2022-07-22 23:30:00
449,Cooma,-36.2333,149.1333,40.77,100,100,6.91,AU,2022-07-22 23:30:00
450,Honiara,-9.4333,159.95,86.56,60,1,3.69,SB,2022-07-22 23:30:01
451,Kirakira,-10.4544,161.9205,83.71,69,36,3.62,SB,2022-07-22 23:28:01
452,Urumqi,43.801,87.6005,81.55,23,0,13.42,CN,2022-07-22 23:30:01
453,Zhangjiakou,40.81,114.8794,68.34,72,19,3.44,CN,2022-07-22 23:30:02
454,Iquique,-20.2208,-70.1431,59.04,81,21,1.61,CL,2022-07-22 23:30:02
455,Bay Roberts,47.5999,-53.2648,73.65,85,22,4.0,CA,2022-07-22 23:30:03
456,Ingham,42.6,-84.3833,85.95,49,0,5.75,US,2022-07-22 23:30:03
457,Eureka,40.8021,-124.1637,79.66,74,11,8.99,US,2022-07-22 23:26:13
458,Gaillac,43.9016,1.8969,74.35,89,78,4.32,FR,2022-07-22 23:30:03
459,Barcelona,41.3888,2.159,83.14,77,0,2.3,ES,2022-07-22 23:30:04
460,San Policarpo,12.1791,125.5072,82.58,78,100,1.95,PH,2022-07-22 23:30:04
461,Solenzo,12.1833,-4.0833,78.15,77,77,5.91,BF,2022-07-22 23:31:05
462,Tres Palos,18.1833,-101.6167,81.82,78,79,5.03,MX,2022-07-22 23:31:05
463,Novopokrovka,49.8425,36.5477,56.46,96,26,10.38,UA,2022-07-22 23:31:05
464,Cabadiangan,9.7531,122.4739,82.87,77,69,3.53,PH,2022-07-22 23:31:06
465,Poole,50.7167,-2.0,62.28,89,0,3.44,GB,2022-07-22 23:31:06
466,Puerto Carreno,6.189,-67.4859,76.98,88,75,4.61,CO,2022-07-22 23:31:07
467,Kirkland Lake,48.1446,-80.0377,79.09,44,72,9.71,CA,2022-07-22 23:31:07
468,Saint George,37.1041,-113.5841,108.63,13,0,19.57,US,2022-07-22 23:27:32
469,Mitu,1.1983,-70.1733,73.44,96,100,1.03,CO,2022-07-22 23:30:00
470,Dingle,10.9995,122.6711,81.79,82,73,3.38,PH,2022-07-22 23:31:08
471,Hargeysa,9.56,44.065,67.64,61,60,29.82,SO,2022-07-22 23:31:08
472,Sisimiut,66.9395,-53.6735,47.53,80,100,2.95,GL,2022-07-22 23:31:08
473,Berlevag,70.8578,29.0864,53.4,82,75,17.27,NO,2022-07-22 23:31:09
474,Ust-Nera,64.5667,143.2,75.04,55,94,6.24,RU,2022-07-22 23:30:03
475,Aranos,-24.1333,19.1167,55.22,45,4,12.95,NA,2022-07-22 23:31:09
476,Chippewa Falls,44.9369,-91.3929,89.78,49,100,10.36,US,2022-07-22 23:31:10
477,Lashio,22.9333,97.75,68.88,99,98,0.67,MM,2022-07-22 23:31:10
478,Encruzilhada,-15.5314,-40.9094,61.02,85,6,4.52,BR,2022-07-22 23:31:10
479,Uddevalla,58.3478,11.9424,60.08,94,100,4.83,SE,2022-07-22 23:31:11
480,Santa Isabel Do Para,-1.2986,-48.1606,82.22,82,98,3.8,BR,2022-07-22 23:31:11
481,Dickinson,29.4608,-95.0513,90.03,74,75,5.75,US,2022-07-22 23:28:29
482,Vardo,70.3705,31.1107,49.98,93,100,0.0,NO,2022-07-22 23:31:12
483,Teguise,29.0605,-13.564,75.42,69,100,9.22,ES,2022-07-22 23:31:12
484,Kisangani,0.5167,25.2,71.1,96,100,2.98,CD,2022-07-22 23:31:13
485,Westport,41.1415,-73.3579,87.62,62,75,9.22,US,2022-07-22 23:26:16
486,Tambun,-6.2641,107.0712,78.69,81,80,4.21,ID,2022-07-22 23:31:13
487,Ahipara,-35.1667,173.1667,57.49,70,100,13.4,NZ,2022-07-22 23:31:13
488,Hofn,64.2539,-15.2082,51.8,91,61,6.22,IS,2022-07-22 23:31:14
489,Mehamn,71.0357,27.8492,51.75,82,75,11.5,NO,2022-07-22 23:31:14
490,Klaksvik,62.2266,-6.589,50.92,84,100,6.85,FO,2022-07-22 23:31:15
491,Mindelo,16.8901,-24.9804,74.25,81,35,2.46,CV,2022-07-22 23:31:15
492,Olafsvik,64.8945,-23.7142,53.47,82,40,4.54,IS,2022-07-22 23:31:15
493,Samandag,36.0842,35.9771,79.32,71,2,3.96,TR,2022-07-22 23:31:16
494,Marsa Matruh,31.3525,27.2453,77.2,72,0,9.6,EG,2022-07-22 23:26:21
495,Lata,40.1629,-8.3327,57.7,91,4,0.31,PT,2022-07-22 23:31:16
496,Hay River,60.8156,-115.7999,69.78,52,75,11.5,CA,2022-07-22 23:31:17
497,Damavand,35.7178,52.065,70.45,29,0,2.01,IR,2022-07-22 23:31:17
498,Gambela,8.25,34.5833,69.64,97,89,4.45,ET,2022-07-22 23:31:17
499,Waingapu,-9.6567,120.2641,76.44,65,70,11.16,ID,2022-07-22 23:31:18
500,Borzya,50.3833,116.5167,69.78,75,26,15.08,RU,2022-07-22 23:31:18
501,Ust-Ishim,57.6935,71.1665,52.68,91,71,3.09,RU,2022-07-22 23:31:19
502,Port Huron,42.9709,-82.4249,89.06,37,0,8.05,US,2022-07-22 23:27:32
503,Waddan,29.1614,16.139,76.59,44,0,10.4,LY,2022-07-22 23:31:19
504,Dembi Dolo,8.5333,34.8,56.21,96,89,3.31,ET,2022-07-22 23:31:19
505,Safaga,26.7292,33.9365,87.55,35,2,13.22,EG,2022-07-22 23:31:20
506,Wewak,-3.5534,143.6268,82.87,75,36,4.88,PG,2022-07-22 23:31:20
507,Alyangula,-13.8483,136.4192,72.07,48,69,12.01,AU,2022-07-22 23:31:21
508,Ambon,-3.6954,128.1814,75.34,17,20,5.75,ID,2022-07-22 23:32:21
509,San Patricio,28.017,-97.5169,94.17,46,2,16.64,US,2022-07-22 23:27:40
510,Yerbogachen,61.2767,108.0108,69.85,61,100,3.02,RU,2022-07-22 23:32:22
511,Casablanca,33.5928,-7.6192,77.22,78,5,6.82,MA,2022-07-22 23:32:23
512,Loa Janan,-0.583,117.095,74.75,95,71,2.37,ID,2022-07-22 23:31:29
513,Beira,-19.8436,34.8389,68.09,94,20,3.44,MZ,2022-07-22 23:32:23
514,Aljezur,37.3191,-8.8033,68.49,66,1,7.96,PT,2022-07-22 23:32:24
515,Miri,4.4148,114.0089,73.54,100,20,3.44,MY,2022-07-22 23:32:24
516,Tevriz,57.509,72.4042,52.83,95,89,4.14,RU,2022-07-22 23:32:25
517,Namtsy,62.7161,129.6658,71.04,62,93,3.91,RU,2022-07-22 23:32:25
518,Buraydah,26.326,43.975,88.25,13,33,7.23,SA,2022-07-22 23:32:26
519,Trincomalee,8.5711,81.2335,79.52,81,100,18.12,LK,2022-07-22 23:32:26
520,Bolgatanga,10.7856,-0.8514,76.44,86,99,4.9,GH,2022-07-22 23:32:26
521,Bonavista,48.6499,-53.1147,63.84,83,26,13.31,CA,2022-07-22 23:32:27
522,Malmesbury,-33.4608,18.7271,53.78,91,100,3.44,ZA,2022-07-22 23:32:28
523,Malinovoye Ozero,51.6753,79.7825,61.72,75,8,4.79,RU,2022-07-22 23:32:28
524,Kalmunai,7.4167,81.8167,78.12,87,93,5.99,LK,2022-07-22 23:32:29
525,Kachug,53.9606,105.8817,60.85,94,100,1.72,RU,2022-07-22 23:32:29
526,Manjacaze,-24.7117,33.8828,59.72,96,0,3.8,MZ,2022-07-22 23:32:29
527,Dergachi,51.2328,48.7659,65.46,80,97,5.68,RU,2022-07-22 23:32:30
528,Paraiso,9.8383,-83.8656,67.91,100,100,1.61,CR,2022-07-22 23:32:30
529,Vredendal,-31.6683,18.5012,50.95,89,100,3.4,ZA,2022-07-22 23:32:30
530,Ancud,-41.8697,-73.8203,41.23,97,100,17.85,CL,2022-07-22 23:32:31
531,Bolivar,37.6145,-93.4105,102.0,31,82,13.82,US,2022-07-22 23:29:07
532,Belyy Yar,53.6039,91.3903,58.89,88,0,4.47,RU,2022-07-22 23:32:31
533,Itarema,-2.9248,-39.9167,79.48,77,80,16.2,BR,2022-07-22 23:32:32
534,Toamasina,-18.1667,49.3833,64.4,100,75,4.61,MG,2022-07-22 23:32:32
535,Seydi,39.4816,62.9137,89.13,18,0,10.09,TM,2022-07-22 23:32:33
536,Bathsheba,13.2167,-59.5167,81.21,85,20,10.36,BB,2022-07-22 23:32:33
537,Wukari,7.85,9.7833,71.91,95,100,6.89,NG,2022-07-22 23:32:33
538,Rawson,-43.3002,-65.1023,41.34,38,98,5.28,AR,2022-07-22 23:30:49
539,Nara,34.6851,135.8049,81.77,49,64,6.15,JP,2022-07-22 23:32:34
540,Falam,22.9167,93.6833,63.99,97,99,0.36,MM,2022-07-22 23:32:34
541,Asaba,6.2006,6.7338,72.25,96,96,4.07,NG,2022-07-22 23:32:35
542,Rabat,33.9911,-6.8401,73.47,68,40,0.0,MA,2022-07-22 23:27:41
543,Riachao,-7.3619,-46.6172,77.0,36,84,4.76,BR,2022-07-22 23:32:35
544,Marilandia,-19.4128,-40.5417,66.65,90,17,2.77,BR,2022-07-22 23:32:36
545,Bolshaya Dzhalga,45.9695,42.6966,63.45,80,36,12.48,RU,2022-07-22 23:32:36
546,Nirmal,19.1,78.35,73.72,93,100,8.88,IN,2022-07-22 23:32:36
547,Samoylovka,51.184,43.7081,58.44,88,90,6.2,RU,2022-07-22 23:32:37
548,Tindwari,25.6167,80.5333,83.77,77,100,8.72,IN,2022-07-22 23:32:37
549,Ust-Karsk,52.7011,118.8077,77.63,58,1,7.54,RU,2022-07-22 23:32:37
550,Aqtobe,50.2797,57.2072,64.49,72,0,6.71,KZ,2022-07-22 23:32:38
551,Buta,2.7858,24.73,69.1,97,100,1.97,CD,2022-07-22 23:32:38
552,Yinchuan,38.4681,106.2731,73.83,30,0,5.77,CN,2022-07-22 23:32:39
553,Guerrero Negro,27.9769,-114.0611,73.62,64,18,22.3,MX,2022-07-22 23:32:39
554,Roanoke Rapids,36.4615,-77.6542,87.49,74,0,3.44,US,2022-07-22 23:33:40
555,Saint-Pierre,-21.3393,55.4781,69.91,70,0,9.22,RE,2022-07-22 23:33:40
556,Nanyuki,0.0167,37.0728,53.8,83,33,11.07,KE,2022-07-22 23:33:41
557,Linxia,35.6003,103.2064,62.44,53,0,2.66,CN,2022-07-22 23:33:41
558,Altay,47.8667,88.1167,63.48,71,75,0.63,CN,2022-07-22 23:33:41
559,Lasa,46.6166,10.7002,72.48,80,92,2.8,IT,2022-07-22 23:33:42
560,Tupelo,34.2576,-88.7034,88.09,62,0,8.05,US,2022-07-22 23:33:42
561,Gopalpur,19.2667,84.9167,81.21,85,100,2.39,IN,2022-07-22 23:33:43
562,Sawakin,19.1059,37.3321,88.34,57,29,2.62,SD,2022-07-22 23:33:43
563,Arlit,18.7369,7.3853,91.22,39,75,20.78,NE,2022-07-22 23:33:44
564,Kaoma,-14.7833,24.8,53.15,63,4,5.7,ZM,2022-07-22 23:33:44
565,Ranong,9.9658,98.6348,75.13,84,94,2.59,TH,2022-07-22 23:33:45
566,Russell,32.3502,-85.1999,76.37,94,40,5.75,US,2022-07-22 23:33:45
567,Brigantine,39.4101,-74.3646,91.6,62,0,9.22,US,2022-07-22 23:33:45
568,Flagstaff,35.1981,-111.6513,94.66,21,20,9.22,US,2022-07-22 23:31:02
569,Grandview,38.8858,-94.533,98.65,44,0,14.97,US,2022-07-22 23:33:46
570,George Town,5.4112,100.3354,78.73,97,20,0.0,MY,2022-07-22 23:33:46
571,Viedma,-40.8135,-62.9967,45.34,63,99,9.13,AR,2022-07-22 23:33:47
572,Superior,46.7208,-92.1041,88.77,40,40,17.27,US,2022-07-22 23:33:47
573,Fernley,39.608,-119.2518,98.04,5,0,10.0,US,2022-07-22 23:29:58
574,Coquimbo,-29.9533,-71.3436,55.13,82,100,2.3,CL,2022-07-22 23:33:48
575,Eyl,7.9803,49.8164,77.22,72,71,23.11,SO,2022-07-22 23:33:48
576,Novaya Ladoga,60.1025,32.3019,63.01,74,30,8.61,RU,2022-07-22 23:33:49
577,Sao Joao Da Barra,-21.6403,-41.0511,71.82,87,0,15.14,BR,2022-07-22 23:33:49
578,Bilibino,68.0546,166.4372,47.52,54,23,5.91,RU,2022-07-22 23:33:50
579,Shalakusha,62.2247,40.2539,60.51,85,40,4.63,RU,2022-07-22 23:33:50
