City_ID,City,Country,Date,Lat,Lng,Max Temp,Humidity,Cloudiness,Wind Speed,Current Description
0,Castro,BR,2022-07-25 17:14:11,-24.7911,-50.0119,75.74,40,67,2.62,broken clouds
1,Rikitea,PF,2022-07-25 17:14:12,-23.1203,-134.9692,75.11,72,16,19.89,few clouds
2,Pacific Grove,US,2022-07-25 17:14:06,36.6177,-121.9166,60.03,91,100,3.0,overcast clouds
3,Tilichiki,RU,2022-07-25 17:14:12,60.4667,166.1,47.34,85,60,3.49,broken clouds
4,Russell,US,2022-07-25 17:14:12,32.3502,-85.1999,91.96,70,75,0.0,broken clouds
5,New Norfolk,AU,2022-07-25 17:14:13,-42.7826,147.0587,54.9,87,100,1.7,overcast clouds
6,Kapaa,US,2022-07-25 17:14:13,22.0752,-159.319,79.12,80,40,16.11,scattered clouds
7,Ushuaia,AR,2022-07-25 17:14:13,-54.8,-68.3,35.22,86,75,18.41,light snow
8,Praia Da Vitoria,PT,2022-07-25 17:14:14,38.7333,-27.0667,79.75,86,39,3.11,light rain
9,Hasaki,JP,2022-07-25 17:14:14,35.7333,140.8333,79.29,93,88,15.5,overcast clouds
10,Taft,IR,2022-07-25 17:14:14,31.7471,54.2088,100.35,12,20,2.3,few clouds
11,Qaanaaq,GL,2022-07-25 17:14:15,77.484,-69.3632,42.4,73,2,1.77,clear sky
12,Vaini,TO,2022-07-25 17:14:15,-21.2,-175.2,71.76,88,40,5.75,scattered clouds
13,Mataura,NZ,2022-07-25 17:14:15,-46.1927,168.8643,44.47,91,100,11.52,overcast clouds
14,Bethel,US,2022-07-25 17:14:16,41.3712,-73.414,86.49,69,100,10.36,heavy intensity rain
15,Sabang,ID,2022-07-25 17:14:16,5.8933,95.3214,79.72,80,98,12.5,overcast clouds
16,Fortuna,US,2022-07-25 17:14:16,40.5982,-124.1573,52.14,56,19,5.39,few clouds
17,Vanimo,PG,2022-07-25 17:14:17,-2.6741,141.3028,77.14,91,60,5.39,broken clouds
18,Puerto Ayora,EC,2022-07-25 17:13:06,-0.7393,-90.3518,78.76,91,88,7.0,overcast clouds
19,Franklin,US,2022-07-25 17:14:17,39.9667,-83.0166,84.58,55,100,9.22,overcast clouds
20,Batala,IN,2022-07-25 17:14:18,31.8186,75.2028,83.98,72,100,4.29,overcast clouds
21,Barrow,US,2022-07-25 17:14:18,71.2906,-156.7887,37.42,93,100,20.71,mist
22,Tautira,PF,2022-07-25 17:14:18,-17.7333,-149.15,76.39,83,94,7.49,moderate rain
23,Ciudad Bolivar,VE,2022-07-25 17:14:19,8.1222,-63.5497,78.39,80,100,4.63,overcast clouds
24,Chokurdakh,RU,2022-07-25 17:14:19,70.6333,147.9167,50.31,59,97,10.83,overcast clouds
25,Hilo,US,2022-07-25 17:14:19,19.7297,-155.09,76.62,85,0,5.75,clear sky
26,Bluff,NZ,2022-07-25 17:14:20,-46.6,168.3333,44.8,82,100,26.53,overcast clouds
27,Hermanus,ZA,2022-07-25 17:14:20,-34.4187,19.2345,54.81,66,0,8.59,clear sky
28,Awbari,LY,2022-07-25 17:14:20,26.5921,12.7805,94.98,10,2,12.35,clear sky
29,Carnarvon,AU,2022-07-25 17:13:39,-24.8667,113.6333,63.0,36,0,10.31,clear sky
30,Ribeira Grande,PT,2022-07-25 17:13:27,38.5167,-28.7,77.4,88,40,8.05,scattered clouds
31,Asau,RO,2022-07-25 17:14:21,46.4333,26.4,78.28,47,43,3.62,scattered clouds
32,Upernavik,GL,2022-07-25 17:14:21,72.7868,-56.1549,39.81,89,88,11.79,overcast clouds
33,San Patricio,US,2022-07-25 17:14:22,28.017,-97.5169,93.16,42,0,12.97,clear sky
34,Provideniya,RU,2022-07-25 17:14:22,64.3833,-173.3,41.63,89,98,8.3,overcast clouds
35,Burnie,AU,2022-07-25 17:14:22,-41.0667,145.9167,53.94,93,99,9.91,overcast clouds
36,East London,ZA,2022-07-25 17:14:23,-33.0153,27.9116,59.02,60,13,9.73,few clouds
37,Cabo San Lucas,MX,2022-07-25 17:14:23,22.8909,-109.9124,88.61,69,40,10.36,scattered clouds
38,Caravelas,BR,2022-07-25 17:14:23,-17.7125,-39.2481,77.68,62,58,8.12,broken clouds
39,Geraldton,AU,2022-07-25 17:14:24,-28.7667,114.6,43.21,93,58,9.22,broken clouds
40,Baena,ES,2022-07-25 17:14:24,37.6167,-4.3225,106.39,10,31,14.79,scattered clouds
41,Batabano,CU,2022-07-25 17:14:24,22.7164,-82.2881,88.41,54,78,11.39,broken clouds
42,Bredasdorp,ZA,2022-07-25 17:14:25,-34.5322,20.0403,51.53,85,0,6.82,clear sky
43,Mareeba,AU,2022-07-25 17:09:59,-17.0,145.4333,65.12,90,0,2.35,clear sky
44,Nikolskoye,RU,2022-07-25 17:14:25,59.7035,30.7861,71.49,76,89,4.52,overcast clouds
45,Mecca,SA,2022-07-25 17:15:02,21.4267,39.8261,91.56,41,81,9.62,broken clouds
46,Kargasok,RU,2022-07-25 17:15:25,59.0556,80.8572,57.47,86,70,7.83,broken clouds
47,Busselton,AU,2022-07-25 17:15:26,-33.65,115.3333,61.72,73,37,21.9,scattered clouds
48,Luderitz,NA,2022-07-25 17:15:26,-26.6481,15.1594,59.58,73,1,9.13,clear sky
49,Acarau,BR,2022-07-25 17:15:26,-2.8856,-40.12,87.69,48,79,15.23,light rain
50,Marsh Harbour,BS,2022-07-25 17:15:27,26.5412,-77.0636,83.82,71,79,16.2,broken clouds
51,Halifax,CA,2022-07-25 17:15:27,44.6453,-63.5724,83.52,80,75,18.41,broken clouds
52,Georgetown,MY,2022-07-25 17:14:10,5.4112,100.3354,80.89,88,20,2.3,light rain
53,Tandil,AR,2022-07-25 17:14:34,-37.3217,-59.1332,53.69,73,100,14.5,overcast clouds
54,Auki,SB,2022-07-25 17:15:28,-8.7676,160.7034,76.75,89,22,5.08,few clouds
55,Thompson,CA,2022-07-25 17:15:28,55.7435,-97.8558,59.16,88,100,3.44,overcast clouds
56,Jalu,LY,2022-07-25 17:15:28,29.0331,21.5482,98.38,12,0,7.61,clear sky
57,Victoria,HK,2022-07-25 17:14:03,22.2855,114.1577,88.32,80,11,8.01,few clouds
58,Deputatskiy,RU,2022-07-25 17:15:29,69.3,139.9,57.29,66,96,2.71,overcast clouds
59,Beringovskiy,RU,2022-07-25 17:14:46,63.05,179.3167,45.54,75,100,7.14,overcast clouds
60,Severo-Kurilsk,RU,2022-07-25 17:15:29,50.6789,156.125,50.43,92,100,9.42,overcast clouds
61,Umm Kaddadah,SD,2022-07-25 17:15:30,13.6017,26.6876,95.32,28,84,6.38,broken clouds
62,Albany,US,2022-07-25 17:14:36,42.6001,-73.9662,82.27,79,100,3.0,overcast clouds
63,Akcakoca,TR,2022-07-25 17:15:30,41.0866,31.1162,72.72,77,64,6.85,broken clouds
64,Menongue,AO,2022-07-25 17:15:30,-14.6585,17.691,68.05,23,0,5.7,clear sky
65,Narsaq,GL,2022-07-25 17:15:31,60.9167,-46.05,57.42,81,100,5.46,overcast clouds
66,Cape Town,ZA,2022-07-25 17:14:14,-33.9258,18.4232,61.27,54,0,5.01,clear sky
67,Mar Del Plata,AR,2022-07-25 17:15:31,-38.0023,-57.5575,51.82,91,100,15.99,overcast clouds
68,Angoche,MZ,2022-07-25 17:15:31,-16.2325,39.9086,73.15,63,1,12.59,clear sky
69,Bilma,NE,2022-07-25 17:15:32,18.6853,12.9164,103.66,9,2,15.43,clear sky
70,Casas Grandes,MX,2022-07-25 17:15:32,30.3667,-107.95,79.43,46,91,3.58,overcast clouds
71,Alice Springs,AU,2022-07-25 17:15:32,-23.7,133.8833,42.35,81,0,0.0,clear sky
72,Mani,CO,2022-07-25 17:15:33,4.8172,-72.2886,81.34,72,90,3.38,overcast clouds
73,Pangnirtung,CA,2022-07-25 17:11:19,66.1451,-65.7125,50.77,70,68,4.81,broken clouds
74,Mount Gambier,AU,2022-07-25 17:15:33,-37.8333,140.7667,46.33,81,98,12.62,light rain
75,Mahebourg,MU,2022-07-25 17:15:34,-20.4081,57.7,68.29,88,75,6.91,broken clouds
76,Shache,CN,2022-07-25 17:15:34,38.4167,77.2406,86.72,17,8,2.01,clear sky
77,Dzerzhinsk,RU,2022-07-25 17:15:34,56.2389,43.4631,73.22,94,40,4.47,light rain
78,Andenes,NO,2022-07-25 17:15:35,69.3143,16.1194,57.92,88,0,3.44,clear sky
79,Butaritari,KI,2022-07-25 17:15:35,3.0707,172.7902,81.82,77,100,19.89,light rain
80,Egvekinot,RU,2022-07-25 17:15:36,66.3167,-179.1667,35.29,77,98,12.75,overcast clouds
81,Baghdad,IQ,2022-07-25 17:15:36,33.3406,44.4009,94.91,14,0,5.75,clear sky
82,Waipawa,NZ,2022-07-25 17:15:36,-41.4122,175.5153,50.36,94,100,17.31,light rain
83,Arraial Do Cabo,BR,2022-07-25 17:15:37,-22.9661,-42.0278,82.36,69,0,21.85,clear sky
84,Khatanga,RU,2022-07-25 17:15:37,71.9667,102.5,66.04,76,100,0.83,overcast clouds
85,Haines Junction,CA,2022-07-25 17:15:37,60.7522,-137.5108,57.15,77,100,1.14,overcast clouds
86,Port Alfred,ZA,2022-07-25 17:15:38,-33.5906,26.891,54.18,80,0,13.69,clear sky
87,Jamestown,US,2022-07-25 17:10:50,42.097,-79.2353,76.51,63,100,10.36,overcast clouds
88,Hobart,AU,2022-07-25 17:11:42,-42.8794,147.3294,55.26,90,100,10.36,light intensity shower rain
89,Talara,PE,2022-07-25 17:15:38,-4.5772,-81.2719,75.96,60,0,13.8,clear sky
90,Port Hardy,CA,2022-07-25 17:15:39,50.6996,-127.4199,64.58,82,40,8.05,scattered clouds
91,Iqaluit,CA,2022-07-25 17:13:39,63.7506,-68.5145,46.13,93,100,11.5,fog
92,Punta Arenas,CL,2022-07-25 17:16:39,-53.15,-70.9167,39.31,65,0,11.5,clear sky
93,Thinadhoo,MV,2022-07-25 17:11:50,0.5333,72.9333,82.63,73,96,10.0,overcast clouds
94,Olafsvik,IS,2022-07-25 17:16:39,64.8945,-23.7142,52.99,66,95,5.21,overcast clouds
95,Bolshoye Selo,RU,2022-07-25 17:16:40,57.7177,38.9334,67.46,87,60,6.13,broken clouds
96,Oda,JP,2022-07-25 17:16:40,35.1833,132.5,75.13,92,2,0.98,clear sky
97,Lingao,CN,2022-07-25 17:16:40,19.9103,109.6859,81.37,82,11,2.51,few clouds
98,Mbandaka,CD,2022-07-25 17:13:40,0.0487,18.2603,72.84,93,100,2.71,moderate rain
99,Salumbar,IN,2022-07-25 17:16:41,24.1333,74.05,77.41,91,100,5.59,light rain
100,Atuona,PF,2022-07-25 17:13:33,-9.8,-139.0333,76.23,70,95,12.17,overcast clouds
101,Coahuayana,MX,2022-07-25 17:16:41,18.7333,-103.6833,88.05,61,96,4.34,overcast clouds
102,Tuktoyaktuk,CA,2022-07-25 17:16:42,69.4541,-133.0374,48.2,81,75,11.5,broken clouds
103,Phalaborwa,ZA,2022-07-25 17:16:42,-23.943,31.1411,65.48,43,0,4.81,clear sky
104,Ishikari,JP,2022-07-25 17:16:42,43.2397,141.3539,64.26,88,5,2.33,clear sky
105,Te Anau,NZ,2022-07-25 17:16:43,-45.4167,167.7167,37.2,95,100,2.53,overcast clouds
106,Torbay,CA,2022-07-25 17:16:03,47.6666,-52.7314,85.87,54,75,16.11,broken clouds
107,Pevek,RU,2022-07-25 17:14:51,69.7008,170.3133,34.86,87,88,6.96,overcast clouds
108,Lorengau,PG,2022-07-25 17:14:51,-2.0226,147.2712,81.0,81,38,5.75,scattered clouds
109,Marawi,PH,2022-07-25 17:16:43,7.9986,124.2928,70.03,90,100,3.33,overcast clouds
110,Pita,GN,2022-07-25 17:16:44,10.8333,-12.5833,76.62,92,88,4.97,moderate rain
111,Tiksi,RU,2022-07-25 17:16:05,71.6872,128.8694,45.5,93,99,2.95,overcast clouds
112,Flinders,AU,2022-07-25 17:16:44,-34.5833,150.8552,55.38,88,91,5.01,light rain
113,Lagoa,PT,2022-07-25 17:16:44,39.05,-27.9833,75.02,83,5,8.01,clear sky
114,Airai,TL,2022-07-25 17:16:45,-8.9266,125.4092,54.19,74,11,3.0,few clouds
115,Port Lincoln,AU,2022-07-25 17:16:45,-34.7333,135.8667,53.19,64,44,12.28,scattered clouds
116,Avera,US,2022-07-25 17:16:45,33.194,-82.5271,89.65,45,79,7.38,broken clouds
117,Kembe,CF,2022-07-25 17:16:46,4.6228,21.8865,73.78,92,99,2.77,overcast clouds
118,Ilulissat,GL,2022-07-25 17:16:46,69.2167,-51.1,44.62,87,75,5.75,broken clouds
119,Norden,DE,2022-07-25 17:16:46,53.6,7.2,72.95,72,88,20.22,overcast clouds
120,Cherskiy,RU,2022-07-25 17:16:47,68.75,161.3,41.68,70,10,9.04,clear sky
121,Ust-Nera,RU,2022-07-25 17:15:16,64.5667,143.2,58.05,63,72,3.2,broken clouds
122,Namibe,AO,2022-07-25 17:16:47,-15.1961,12.1522,64.71,82,18,7.65,few clouds
123,Viedma,AR,2022-07-25 17:16:47,-40.8135,-62.9967,48.0,79,100,14.67,moderate rain
124,Olinda,BR,2022-07-25 17:16:48,-8.0089,-34.8553,78.53,69,40,18.41,scattered clouds
125,Harper,LR,2022-07-25 17:16:48,4.375,-7.7169,77.11,70,97,6.58,overcast clouds
126,Wajid,SO,2022-07-25 17:16:49,3.8093,43.2471,82.06,35,59,17.87,broken clouds
127,Kruisfontein,ZA,2022-07-25 17:13:38,-34.0033,24.7314,55.89,73,0,12.28,clear sky
128,Katsuura,JP,2022-07-25 17:16:49,35.1333,140.3,79.2,93,90,15.57,overcast clouds
129,Ahipara,NZ,2022-07-25 17:16:49,-35.1667,173.1667,56.89,87,38,18.95,scattered clouds
130,Tual,ID,2022-07-25 17:16:50,-5.6667,132.75,79.77,83,76,22.39,broken clouds
131,Vardo,NO,2022-07-25 17:16:50,70.3705,31.1107,53.58,82,0,8.05,clear sky
132,Kahului,US,2022-07-25 17:13:34,20.8947,-156.47,78.82,70,0,9.22,clear sky
133,Raghunathpur,IN,2022-07-25 17:16:51,23.55,86.6667,79.7,85,100,8.14,overcast clouds
134,Sinnamary,GF,2022-07-25 17:16:51,5.3833,-52.95,84.61,70,80,9.42,broken clouds
135,Kodiak,US,2022-07-25 17:13:35,57.79,-152.4072,60.31,77,0,4.61,clear sky
136,Asekeyevo,RU,2022-07-25 17:16:51,53.5742,52.7972,64.02,89,46,2.59,light rain
137,Xuzhou,CN,2022-07-25 17:16:52,34.1805,117.1571,76.75,91,1,6.35,moderate rain
138,Cerro Punta,PA,2022-07-25 17:16:52,8.85,-82.5667,55.99,64,100,2.59,overcast clouds
139,Avarua,CK,2022-07-25 17:16:53,-21.2078,-159.775,68.05,68,75,2.3,broken clouds
140,Yatou,CN,2022-07-25 17:17:53,37.15,122.3833,71.74,88,0,4.94,clear sky
141,Srednekolymsk,RU,2022-07-25 17:17:53,67.45,153.6833,41.4,78,90,9.89,overcast clouds
142,Inverness,GB,2022-07-25 17:16:36,57.4791,-4.224,59.79,71,75,16.11,broken clouds
143,Zatoka,UA,2022-07-25 17:17:54,46.0725,30.4654,79.56,56,90,3.36,overcast clouds
144,Chuy,UY,2022-07-25 17:17:54,-33.6971,-53.4616,61.93,92,100,8.43,moderate rain
145,Inverell,AU,2022-07-25 17:17:54,-29.7833,151.1167,50.16,86,0,1.01,clear sky
146,Meulaboh,ID,2022-07-25 17:15:57,4.1363,96.1285,74.39,98,100,3.58,overcast clouds
147,Ada,US,2022-07-25 17:15:34,43.4166,-116.1262,83.01,27,0,4.0,clear sky
148,Xining,CN,2022-07-25 17:17:55,36.6167,101.7667,61.25,55,0,4.03,clear sky
149,Coihaique,CL,2022-07-25 17:12:59,-45.5752,-72.0662,34.41,80,75,5.75,broken clouds
150,Omsukchan,RU,2022-07-25 17:17:55,62.5333,155.8,57.92,54,100,3.33,overcast clouds
151,Hovd,MN,2022-07-25 17:17:56,48.0056,91.6419,58.21,57,64,5.08,broken clouds
152,Esperance,AU,2022-07-25 17:17:56,-33.8667,121.9,51.85,64,0,15.52,clear sky
153,Aleksandrov Gay,RU,2022-07-25 17:17:56,50.147,48.5704,70.56,62,95,6.58,overcast clouds
154,Northam,GB,2022-07-25 17:17:57,51.0333,-4.2167,64.38,85,54,15.39,broken clouds
155,Yerbogachen,RU,2022-07-25 17:17:57,61.2767,108.0108,64.65,83,89,5.55,overcast clouds
156,Saskylakh,RU,2022-07-25 17:17:58,71.9167,114.0833,69.67,55,98,5.82,overcast clouds
157,Ponta Do Sol,PT,2022-07-25 17:17:58,32.6667,-17.1,90.23,37,61,6.55,broken clouds
158,Hithadhoo,MV,2022-07-25 17:17:58,-0.6,73.0833,82.6,72,77,8.43,broken clouds
159,Warmbad,NA,2022-07-25 17:17:59,-28.45,18.7333,67.37,24,1,14.25,clear sky
160,Jacareacanga,BR,2022-07-25 17:17:59,-6.2222,-57.7528,99.9,23,4,3.29,clear sky
161,Corsicana,US,2022-07-25 17:14:47,32.0954,-96.4689,95.77,41,0,10.36,clear sky
162,Den Helder,NL,2022-07-25 17:17:59,52.9599,4.7593,69.96,80,100,21.0,overcast clouds
163,Klyuchi,RU,2022-07-25 17:18:00,52.2667,79.1667,64.51,46,0,6.38,clear sky
164,Saldanha,ZA,2022-07-25 17:13:27,-33.0117,17.9442,59.18,64,0,10.76,clear sky
165,Roald,NO,2022-07-25 17:18:00,62.5833,6.1333,68.16,94,75,10.36,broken clouds
166,San Rafael,AR,2022-07-25 17:16:10,-34.6177,-68.3301,54.73,75,99,2.86,overcast clouds
167,Front Royal,US,2022-07-25 17:17:15,38.9182,-78.1944,91.24,82,40,0.0,scattered clouds
168,Sibolga,ID,2022-07-25 17:18:01,1.7427,98.7792,75.07,91,100,2.64,moderate rain
169,Mountain Home,US,2022-07-25 17:15:23,43.133,-115.6912,81.27,21,0,2.91,clear sky
170,Grindavik,IS,2022-07-25 17:18:01,63.8424,-22.4338,53.55,76,75,8.05,broken clouds
171,Tocopilla,CL,2022-07-25 17:16:04,-22.092,-70.1979,65.86,66,9,8.46,clear sky
172,Bera,BD,2022-07-25 17:18:02,24.0833,89.6167,80.85,83,84,6.93,broken clouds
173,Rafaela,AR,2022-07-25 17:18:02,-31.2503,-61.4867,80.98,44,73,5.99,broken clouds
174,Hami,CN,2022-07-25 17:18:02,42.8,93.45,85.5,14,91,10.29,overcast clouds
175,Sandpoint,US,2022-07-25 17:18:03,48.2766,-116.5533,81.86,54,68,1.01,broken clouds
176,Yellowknife,CA,2022-07-25 17:13:31,62.456,-114.3525,63.3,49,72,17.13,broken clouds
177,Longyearbyen,SJ,2022-07-25 17:18:03,78.2186,15.6401,49.84,81,40,17.27,scattered clouds
178,Oum Hadjer,TD,2022-07-25 17:18:04,13.2954,19.6966,93.4,40,36,7.34,scattered clouds
179,Half Moon Bay,US,2022-07-25 17:15:16,37.4636,-122.4286,68.9,81,100,9.22,overcast clouds
180,Faanui,PF,2022-07-25 17:18:04,-16.4833,-151.75,76.71,79,78,9.28,moderate rain
181,Tsabong,BW,2022-07-25 17:18:05,-26.0217,22.401,67.95,29,2,7.07,clear sky
182,Gigmoto,PH,2022-07-25 17:18:05,13.7796,124.39,80.06,84,95,2.46,overcast clouds
183,Saint-Louis,SN,2022-07-25 17:18:05,16.3333,-15.0,95.97,36,65,3.4,broken clouds
184,Fukue,JP,2022-07-25 17:18:06,32.6881,128.8419,76.66,80,0,3.09,clear sky
185,Nabire,ID,2022-07-25 17:18:06,-3.3667,135.4833,75.87,93,100,3.09,overcast clouds
186,Awjilah,LY,2022-07-25 17:19:06,29.1081,21.2869,98.98,12,1,9.95,clear sky
187,La Asuncion,VE,2022-07-25 17:19:07,11.0333,-63.8628,94.73,43,79,16.11,broken clouds
188,Fairbanks,US,2022-07-25 17:18:13,64.8378,-147.7164,68.34,60,75,8.05,broken clouds
189,Atar,MR,2022-07-25 17:19:07,20.5169,-13.0499,102.56,24,28,20.94,scattered clouds
190,Souillac,MU,2022-07-25 17:19:08,-20.5167,57.5167,68.38,88,75,6.91,broken clouds
191,Jijiga,ET,2022-07-25 17:19:08,9.35,42.8,69.53,50,99,13.67,overcast clouds
192,Lompoc,US,2022-07-25 17:19:08,34.6391,-120.4579,68.92,79,100,5.75,mist
193,Tasiilaq,GL,2022-07-25 17:19:09,65.6145,-37.6368,46.56,83,96,1.3,overcast clouds
194,Huntington,US,2022-07-25 17:14:21,38.4193,-82.4452,83.53,80,100,8.05,overcast clouds
195,Dimbokro,CI,2022-07-25 17:19:09,6.6451,-4.7048,81.3,71,100,3.51,overcast clouds
196,Lodeynoye Pole,RU,2022-07-25 17:19:10,60.726,33.5531,67.01,89,35,1.07,scattered clouds
197,Port Elizabeth,ZA,2022-07-25 17:19:10,-33.918,25.5701,59.29,68,0,13.8,clear sky
198,Griffith,US,2022-07-25 17:19:11,41.5284,-87.4237,79.47,64,40,9.22,scattered clouds
199,Waw,SS,2022-07-25 17:19:11,7.7029,27.9953,79.65,67,70,1.19,broken clouds
200,Saint Anthony,US,2022-07-25 17:19:11,45.0205,-93.218,76.66,46,40,4.61,scattered clouds
201,Sungaipenuh,ID,2022-07-25 17:19:12,-2.0833,101.3833,63.32,98,100,1.95,light rain
202,Soyo,AO,2022-07-25 17:19:12,-6.1349,12.3689,72.39,83,28,8.7,scattered clouds
203,Port Blair,IN,2022-07-25 17:19:12,11.6667,92.75,81.72,84,80,7.31,broken clouds
204,Lichinga,MZ,2022-07-25 17:19:13,-13.3128,35.2406,60.12,63,75,3.78,broken clouds
205,Bemidji,US,2022-07-25 17:18:16,47.4736,-94.8803,73.06,44,0,1.01,clear sky
206,Krasnyy Kut,RU,2022-07-25 17:19:13,50.95,46.9667,65.93,72,96,1.68,light rain
207,Iskateley,RU,2022-07-25 17:19:13,67.6803,53.1512,46.92,91,100,18.9,light rain
208,Yeppoon,AU,2022-07-25 17:19:14,-23.1333,150.7333,51.58,90,1,3.85,clear sky
209,La Ronge,CA,2022-07-25 17:15:56,55.1001,-105.2842,68.22,64,75,8.05,broken clouds
210,Poum,NC,2022-07-25 17:19:14,-20.2333,164.0167,72.86,77,4,19.35,clear sky
211,Mpulungu,ZM,2022-07-25 17:19:14,-8.7623,31.1141,76.37,49,39,7.85,scattered clouds
212,Rondonopolis,BR,2022-07-25 17:17:34,-16.4708,-54.6356,96.62,17,0,4.05,clear sky
213,Sorland,NO,2022-07-25 17:19:15,67.667,12.6934,55.26,90,85,10.36,overcast clouds
214,Bay City,US,2022-07-25 17:17:47,43.5945,-83.8889,74.1,57,75,14.97,broken clouds
215,Tarnogskiy Gorodok,RU,2022-07-25 17:19:15,60.4997,43.5761,62.06,98,100,5.97,overcast clouds
216,Kavieng,PG,2022-07-25 17:19:16,-2.5744,150.7967,81.21,81,48,17.36,moderate rain
217,Havre-Saint-Pierre,CA,2022-07-25 17:19:16,50.2334,-63.5986,66.56,94,100,4.61,overcast clouds
218,Fort Morgan,US,2022-07-25 17:19:16,40.2503,-103.8,74.05,73,75,5.75,broken clouds
219,Abha,SA,2022-07-25 17:19:17,18.2164,42.5053,64.22,82,75,9.22,moderate rain
220,Kieta,PG,2022-07-25 17:19:17,-6.2167,155.6333,77.63,87,60,4.52,light rain
221,Visnes,NO,2022-07-25 17:19:17,59.3556,5.2242,57.25,88,75,17.27,broken clouds
222,Sitka,US,2022-07-25 17:19:18,57.0531,-135.33,57.09,88,100,0.0,mist
223,Lowestoft,GB,2022-07-25 17:19:18,52.4752,1.7516,72.41,61,99,13.44,overcast clouds
224,Dawei,MM,2022-07-25 17:19:18,14.0833,98.2,78.4,91,56,1.63,broken clouds
225,Hobyo,SO,2022-07-25 17:19:19,5.3505,48.5268,76.66,80,32,25.52,scattered clouds
226,Slavonice,CZ,2022-07-25 17:19:19,48.9975,15.3515,87.71,51,1,2.68,clear sky
227,Touros,BR,2022-07-25 17:19:19,-5.1989,-35.4608,82.2,61,70,19.26,broken clouds
228,Iquitos,PE,2022-07-25 17:19:20,-3.7481,-73.2472,86.04,70,75,3.44,broken clouds
229,Nanortalik,GL,2022-07-25 17:19:20,60.1432,-45.2371,43.07,96,100,8.25,overcast clouds
230,Lebu,CL,2022-07-25 17:19:20,-37.6167,-73.65,54.86,79,100,26.26,overcast clouds
231,Markala,ML,2022-07-25 17:19:21,13.7021,-6.0659,91.38,42,86,6.55,overcast clouds
232,Mehamn,NO,2022-07-25 17:19:21,71.0357,27.8492,55.35,76,0,5.75,clear sky
233,Khowai,IN,2022-07-25 17:19:21,24.1,91.6333,76.35,96,96,3.15,overcast clouds
234,Los Llanos De Aridane,ES,2022-07-25 17:20:22,28.6585,-17.9182,74.95,78,0,18.41,clear sky
235,Lavrentiya,RU,2022-07-25 17:20:22,65.5833,-171.0,40.37,92,100,13.76,overcast clouds
236,Cacoal,BR,2022-07-25 17:20:22,-11.4386,-61.4472,98.24,19,7,4.54,clear sky
237,Hukuntsi,BW,2022-07-25 17:20:22,-24.0,21.75,72.43,26,50,14.36,scattered clouds
238,Tanga,TZ,2022-07-25 17:20:23,-5.0667,39.1,74.1,80,11,10.96,few clouds
239,Tuatapere,NZ,2022-07-25 17:20:23,-46.1333,167.6833,43.57,92,100,7.61,overcast clouds
240,Anqiu,CN,2022-07-25 17:20:23,36.4342,119.1925,71.11,91,5,6.2,clear sky
241,Norman Wells,CA,2022-07-25 17:20:24,65.282,-126.8329,68.04,45,40,5.75,scattered clouds
242,Chingirlau,KZ,2022-07-25 17:20:24,51.095,54.0814,72.59,54,90,5.44,overcast clouds
243,Timaru,NZ,2022-07-25 17:20:25,-44.4,171.25,47.07,97,100,3.0,light rain
244,Saint-Pierre,RE,2022-07-25 17:20:25,-21.3393,55.4781,66.9,79,0,6.91,clear sky
245,Chico,US,2022-07-25 17:18:02,39.7285,-121.8375,93.63,38,40,5.75,scattered clouds
246,Cidreira,BR,2022-07-25 17:20:25,-30.1811,-50.2056,67.15,81,24,5.1,few clouds
247,Wittstock,DE,2022-07-25 17:20:26,53.1612,12.4829,80.98,84,100,22.3,overcast clouds
248,Dikson,RU,2022-07-25 17:20:26,73.5069,80.5464,47.79,96,100,20.22,light rain
249,Dalby,AU,2022-07-25 17:20:26,-27.1833,151.2667,48.97,97,0,9.26,clear sky
250,Nzega,RW,2022-07-25 17:20:27,-2.479,29.5564,62.83,57,100,3.78,overcast clouds
251,Port Moresby,PG,2022-07-25 17:20:27,-9.4431,147.1797,75.6,89,66,9.31,broken clouds
252,Dingle,PH,2022-07-25 17:17:13,10.9995,122.6711,76.37,94,99,2.95,overcast clouds
253,Bintulu,MY,2022-07-25 17:20:27,3.1667,113.0333,75.61,100,20,4.61,few clouds
254,Arboletes,CO,2022-07-25 17:20:28,8.8505,-76.4269,81.37,75,100,8.21,overcast clouds
255,Constitucion,CL,2022-07-25 17:20:28,-35.3333,-72.4167,54.84,80,100,22.93,overcast clouds
256,Atambua,ID,2022-07-25 17:20:28,-9.1061,124.8925,66.16,84,16,5.75,few clouds
257,Saint George,US,2022-07-25 17:16:00,37.1041,-113.5841,88.39,40,0,0.0,clear sky
258,Chebarkul,RU,2022-07-25 17:20:29,54.9749,60.3633,62.26,89,83,3.06,broken clouds
259,Methoni,GR,2022-07-25 17:20:29,36.8197,21.7049,85.21,67,0,11.65,clear sky
260,Westport,US,2022-07-25 17:20:30,41.1415,-73.3579,86.72,74,40,10.36,heavy intensity rain
261,Urengoy,RU,2022-07-25 17:20:30,65.9667,78.3667,52.12,81,99,5.64,overcast clouds
262,Mityana,UG,2022-07-25 17:20:30,0.4175,32.0228,70.9,58,100,2.3,overcast clouds
263,Pampa,US,2022-07-25 17:20:31,35.5362,-100.9599,95.04,28,0,12.66,clear sky
264,Talas,TR,2022-07-25 17:20:31,38.6908,35.5538,74.07,38,0,16.11,clear sky
265,Baykit,RU,2022-07-25 17:20:31,61.67,96.37,58.98,81,62,3.65,broken clouds
266,Gornyy,RU,2022-07-25 17:20:32,55.1153,83.9059,52.95,88,33,4.32,scattered clouds
267,Hofn,IS,2022-07-25 17:20:32,64.2539,-15.2082,51.82,82,100,8.05,overcast clouds
268,Pisco,PE,2022-07-25 17:20:32,-13.7,-76.2167,62.65,82,100,5.75,mist
269,Hamilton,US,2022-07-25 17:19:06,39.1834,-84.5333,84.94,70,75,10.36,broken clouds
270,Hualmay,PE,2022-07-25 17:20:33,-11.0964,-77.6139,66.33,72,88,9.22,overcast clouds
271,Lasa,IT,2022-07-25 17:20:33,46.6166,10.7002,83.7,79,54,0.89,light rain
272,Leningradskiy,RU,2022-07-25 17:20:33,69.3833,178.4167,32.36,95,100,5.37,light snow
273,Saint-Philippe,RE,2022-07-25 17:18:35,-21.3585,55.7679,66.22,80,49,11.74,scattered clouds
274,Buta,CD,2022-07-25 17:20:34,2.7858,24.73,76.87,80,82,2.06,broken clouds
275,Lewistown,US,2022-07-25 17:21:34,40.5992,-77.5714,84.94,100,75,5.75,broken clouds
276,Kaka,TM,2022-07-25 17:21:34,37.3482,59.6143,95.04,23,0,12.86,clear sky
277,Assare,BR,2022-07-25 17:21:35,-6.8744,-39.875,90.52,23,46,10.22,scattered clouds
278,Bathsheba,BB,2022-07-25 17:21:35,13.2167,-59.5167,84.81,96,40,13.8,scattered clouds
279,Kathmandu,NP,2022-07-25 17:18:50,27.7167,85.3167,70.02,94,75,3.44,light rain
280,Magistralnyy,RU,2022-07-25 17:21:35,56.1725,107.4458,61.74,98,86,3.44,light rain
281,Semnan,IR,2022-07-25 17:21:36,35.5729,53.3971,87.64,25,0,11.5,clear sky
282,Andros Town,BS,2022-07-25 17:21:36,24.7,-77.7667,85.96,67,79,17.96,broken clouds
283,Yulara,AU,2022-07-25 17:21:36,-25.2406,130.9889,48.13,56,0,11.1,clear sky
284,Koroni,GR,2022-07-25 17:21:37,36.8,21.95,85.06,65,0,3.94,clear sky
285,Santa Isabel Do Rio Negro,BR,2022-07-25 17:21:37,-0.4139,-65.0192,88.75,59,28,1.81,scattered clouds
286,El Campo,US,2022-07-25 17:21:37,29.1966,-96.2697,95.86,43,0,11.5,clear sky
287,Pemangkat,ID,2022-07-25 17:21:38,1.1667,108.9667,76.57,92,100,6.17,overcast clouds
288,Clyde River,CA,2022-07-25 17:21:38,70.4692,-68.5914,46.63,87,75,6.91,broken clouds
289,Koutsouras,GR,2022-07-25 17:21:38,35.0339,25.9469,90.1,31,0,12.08,clear sky
290,Jinchang,CN,2022-07-25 17:21:39,38.4953,102.1739,80.01,25,22,22.95,few clouds
291,Cabra,ES,2022-07-25 17:21:39,37.4725,-4.4421,104.09,10,35,14.43,scattered clouds
292,West Wendover,US,2022-07-25 17:21:39,40.7391,-114.0733,83.41,28,0,11.5,clear sky
293,Ulluaya,RU,2022-07-25 17:21:39,42.3738,47.3745,56.23,83,81,4.59,broken clouds
294,Kaitangata,NZ,2022-07-25 17:21:40,-46.2817,169.8464,45.7,92,100,17.11,overcast clouds
295,Botou,CN,2022-07-25 17:21:40,38.0667,116.5667,79.11,78,100,4.09,moderate rain
296,Kibala,TD,2022-07-25 17:21:40,9.1104,18.3463,87.75,66,20,2.3,few clouds
297,Anju,KP,2022-07-25 17:21:41,39.6178,125.6647,69.21,89,6,1.61,clear sky
298,Aklavik,CA,2022-07-25 17:21:41,68.2191,-135.0107,63.03,51,99,12.68,overcast clouds
299,Muisne,EC,2022-07-25 17:21:41,0.6,-80.0333,75.97,79,100,11.65,overcast clouds
300,Labuhan,ID,2022-07-25 17:21:42,-6.8844,112.2051,72.95,77,29,8.05,scattered clouds
301,Chunoyar,RU,2022-07-25 17:21:18,57.4467,97.3217,58.42,81,100,7.25,overcast clouds
302,Grand Gaube,MU,2022-07-25 17:21:42,-20.0064,57.6608,68.4,75,33,1.99,scattered clouds
303,Bandarbeyla,SO,2022-07-25 17:21:43,9.4942,50.8122,76.64,83,15,32.48,few clouds
304,Kungurtug,RU,2022-07-25 17:21:43,50.5994,97.5228,43.81,93,11,2.33,few clouds
305,Kiama,AU,2022-07-25 17:21:43,-34.6833,150.8667,55.58,89,94,1.01,light rain
306,Esso,RU,2022-07-25 17:21:44,55.9333,158.7,53.38,93,100,1.61,overcast clouds
307,Rocha,UY,2022-07-25 17:20:42,-34.4833,-54.3333,65.28,85,100,10.4,moderate rain
308,Lerwick,GB,2022-07-25 17:21:44,60.1545,-1.1494,51.8,78,99,25.5,overcast clouds
309,Senanga,ZM,2022-07-25 17:21:45,-16.1167,23.2667,69.51,25,0,6.26,clear sky
310,Sabha,LY,2022-07-25 17:21:45,27.0377,14.4283,94.8,14,0,16.33,clear sky
311,Fereydun Kenar,IR,2022-07-25 17:21:45,36.6864,52.5225,77.22,88,100,0.0,overcast clouds
312,Boende,CD,2022-07-25 17:21:46,-0.2167,20.8667,75.22,80,100,1.97,overcast clouds
313,Salalah,OM,2022-07-25 17:19:57,17.0151,54.0924,77.09,100,100,6.91,light intensity drizzle
314,Las Lomas,PA,2022-07-25 17:21:01,8.4333,-82.4,83.61,87,40,4.61,scattered clouds
315,Faya,SA,2022-07-25 17:21:46,18.3851,42.4509,64.51,82,100,10.6,heavy intensity rain
316,Vallenar,CL,2022-07-25 17:21:47,-28.5708,-70.7581,63.52,51,32,3.85,scattered clouds
317,Yumen,CN,2022-07-25 17:21:47,40.2833,97.2,78.67,33,82,10.18,broken clouds
318,North Bend,US,2022-07-25 17:21:47,43.4065,-124.2243,63.16,88,0,8.05,clear sky
319,Morshansk,RU,2022-07-25 17:22:48,53.4435,41.8107,68.59,89,72,6.93,light rain
320,Asosa,ET,2022-07-25 17:22:48,10.0667,34.5333,62.51,90,100,1.74,overcast clouds
321,Neosho,US,2022-07-25 17:22:48,36.869,-94.368,97.36,46,69,3.53,broken clouds
322,Yinchuan,CN,2022-07-25 17:22:49,38.4681,106.2731,84.43,38,21,7.7,few clouds
323,Quelimane,MZ,2022-07-25 17:22:49,-17.8786,36.8883,71.55,73,20,3.44,few clouds
324,Thabazimbi,ZA,2022-07-25 17:22:49,-24.5917,27.4116,66.63,45,68,8.52,broken clouds
325,Ancud,CL,2022-07-25 17:22:49,-41.8697,-73.8203,47.23,86,100,12.57,overcast clouds
326,Lata,PT,2022-07-25 17:22:50,40.1629,-8.3327,85.5,45,0,12.28,clear sky
327,Balaguer,ES,2022-07-25 17:22:50,41.7912,0.8109,97.43,10,12,13.51,few clouds
328,Tevaitoa,PF,2022-07-25 17:22:50,-16.7833,-151.5,76.86,79,72,8.66,light rain
329,Prince Rupert,CA,2022-07-25 17:19:18,54.3161,-130.3201,57.29,97,100,6.91,overcast clouds
330,Bacolod,PH,2022-07-25 17:22:51,10.6667,122.95,77.65,90,100,4.12,overcast clouds
331,Aykhal,RU,2022-07-25 17:22:51,66.0,111.5,60.55,87,13,1.95,few clouds
332,Dawlatabad,AF,2022-07-25 17:22:51,36.4141,64.9053,97.11,11,0,4.0,clear sky
333,Kalevala,RU,2022-07-25 17:22:52,65.2,31.1667,64.81,55,100,5.93,overcast clouds
334,Margate,GB,2022-07-25 17:21:51,51.3813,1.3862,72.88,64,99,5.99,overcast clouds
335,Abonnema,NG,2022-07-25 17:22:52,4.7084,6.7931,74.91,88,100,6.78,light rain
336,Shar,KZ,2022-07-25 17:22:53,49.5886,81.0453,66.76,38,0,7.54,clear sky
337,Kamaishi,JP,2022-07-25 17:22:53,39.2667,141.8833,72.03,93,7,2.13,clear sky
338,Tucuman,AR,2022-07-25 17:22:53,-26.8241,-65.2226,80.6,54,20,3.44,smoke
339,Puerto Escondido,MX,2022-07-25 17:20:03,15.85,-97.0667,88.63,58,40,5.75,scattered clouds
340,Mitsamiouli,KM,2022-07-25 17:22:54,-11.3847,43.2844,73.69,73,20,5.75,few clouds
341,Zirgan,RU,2022-07-25 17:22:54,53.2222,55.9185,64.89,82,46,2.51,scattered clouds
342,Kysyl-Syr,RU,2022-07-25 17:22:54,63.8986,122.7617,62.62,77,69,4.92,broken clouds
343,Karratha,AU,2022-07-25 17:22:55,-20.7377,116.8463,67.17,52,0,6.98,clear sky
344,Immokalee,US,2022-07-25 17:22:55,26.4187,-81.4173,93.2,59,0,8.05,clear sky
345,Mikhaylovka,RU,2022-07-25 17:22:55,50.06,43.2379,69.78,72,81,6.87,broken clouds
346,George,ZA,2022-07-25 17:22:55,-33.963,22.4617,51.35,82,0,8.05,clear sky
347,Lazaro Cardenas,MX,2022-07-25 17:22:56,17.9583,-102.2,80.65,77,100,4.36,overcast clouds
348,Dumai,ID,2022-07-25 17:22:56,1.6833,101.45,74.5,96,100,2.66,moderate rain
349,Damaturu,NG,2022-07-25 17:22:57,11.747,11.9608,91.38,47,57,6.2,broken clouds
350,Ninghai,CN,2022-07-25 17:22:57,29.2892,121.4247,74.73,83,99,4.16,overcast clouds
351,Zhuhai,CN,2022-07-25 17:22:57,22.2769,113.5678,90.86,84,20,9.22,few clouds
352,Ambilobe,MG,2022-07-25 17:22:57,-13.2,49.05,72.52,70,94,2.28,overcast clouds
353,Presidencia Roque Saenz Pena,AR,2022-07-25 17:22:58,-26.7852,-60.4388,92.28,27,20,10.65,few clouds
354,San Cristobal,VE,2022-07-25 17:22:58,7.7669,-72.225,80.78,47,83,8.72,broken clouds
355,Cayenne,GF,2022-07-25 17:22:58,4.9333,-52.3333,87.84,13,85,6.91,overcast clouds
356,Xuddur,SO,2022-07-25 17:22:59,4.1213,43.8894,80.69,39,57,12.44,broken clouds
357,Kilindoni,TZ,2022-07-25 17:22:59,-7.9139,39.6668,75.96,76,2,15.93,clear sky
358,Vrangel,RU,2022-07-25 17:22:59,42.7297,133.0839,65.1,94,0,3.78,clear sky
359,Xuanwu,CN,2022-07-25 17:23:00,32.069,118.8138,80.55,87,28,6.15,scattered clouds
360,Balkanabat,TM,2022-07-25 17:23:00,39.5108,54.3671,85.03,51,85,5.48,light rain
361,Weiden,DE,2022-07-25 17:23:00,49.6775,12.1567,90.27,32,0,10.36,light rain
362,Bria,CF,2022-07-25 17:23:01,6.5423,21.9863,72.99,90,93,3.24,light rain
363,Baruun-Urt,MN,2022-07-25 17:23:01,46.6806,113.2792,64.08,66,66,2.1,broken clouds
364,Jiuquan,CN,2022-07-25 17:23:01,39.7432,98.5174,75.54,36,65,8.3,broken clouds
365,Tepalcatepec,MX,2022-07-25 17:23:02,19.1833,-102.85,81.0,71,100,1.92,overcast clouds
366,Strezhevoy,RU,2022-07-25 17:24:02,60.7333,77.5889,57.78,86,100,5.84,overcast clouds
367,San Jose,US,2022-07-25 17:21:31,37.3394,-121.895,72.82,60,20,0.0,few clouds
368,Pavlovo,RU,2022-07-25 17:24:03,55.9686,43.0912,65.12,92,30,5.17,moderate rain
369,Eldorado,BR,2022-07-25 17:24:03,-23.7869,-54.2836,86.7,30,35,7.76,scattered clouds
370,Alice Town,BS,2022-07-25 17:24:03,25.7167,-79.3,83.86,71,45,15.57,scattered clouds
371,Prescott Valley,US,2022-07-25 17:24:04,34.5894,-112.3252,81.0,58,100,10.0,overcast clouds
372,Hambantota,LK,2022-07-25 17:24:04,6.1241,81.1185,78.69,85,98,10.76,overcast clouds
373,Verkhoyansk,RU,2022-07-25 17:24:05,67.5447,133.385,63.03,70,62,1.86,broken clouds
374,Ayagoz,KZ,2022-07-25 17:24:05,47.9714,80.4392,63.23,37,0,11.03,clear sky
375,Akdepe,TM,2022-07-25 17:24:05,42.0551,59.3788,84.29,34,73,11.39,broken clouds
376,Podor,MR,2022-07-25 17:24:05,16.6527,-14.9587,93.15,55,75,2.3,broken clouds
377,Presidente Medici,BR,2022-07-25 17:24:06,-11.1753,-61.9014,98.76,18,16,4.72,few clouds
378,Kota Bahru,MY,2022-07-25 17:24:06,6.1333,102.2386,80.55,89,20,0.0,few clouds
379,Alofi,NU,2022-07-25 17:24:06,-19.0595,-169.9187,71.49,68,75,8.05,broken clouds
380,Sao Filipe,CV,2022-07-25 17:24:07,14.8961,-24.4956,78.22,86,100,6.29,overcast clouds
381,Santa Cruz De Tenerife,ES,2022-07-25 17:24:07,28.4682,-16.2546,92.8,54,0,12.66,clear sky
382,Kokoda,PG,2022-07-25 17:23:12,-8.8785,147.7407,71.46,95,77,1.7,broken clouds
383,Panaba,MX,2022-07-25 17:24:08,21.2833,-88.2667,94.41,42,18,8.66,few clouds
384,Pitimbu,BR,2022-07-25 17:24:08,-7.4706,-34.8086,84.79,64,36,16.42,scattered clouds
385,Bolobo,CD,2022-07-25 17:24:08,-2.1667,16.2333,81.03,60,44,5.55,scattered clouds
386,Asaba,NG,2022-07-25 17:24:09,6.2006,6.7338,74.98,95,100,7.49,light rain
387,Le Port,RE,2022-07-25 17:24:09,-20.9373,55.2919,67.96,75,61,3.94,broken clouds
388,Manavgat,TR,2022-07-25 17:24:09,36.7867,31.4431,83.62,51,0,4.94,clear sky
389,Port Hedland,AU,2022-07-25 17:24:10,-20.3167,118.5667,62.65,42,0,11.5,clear sky
390,Bereda,ES,2022-07-25 17:24:10,43.2686,-7.5406,75.42,69,1,6.33,clear sky
391,Hay River,CA,2022-07-25 17:24:10,60.8156,-115.7999,64.38,63,40,11.5,scattered clouds
392,Byron Bay,AU,2022-07-25 17:24:11,-28.65,153.6167,51.94,89,7,6.46,clear sky
393,Weligama,LK,2022-07-25 17:24:11,5.9667,80.4167,78.28,88,94,9.82,moderate rain
394,Kaitong,CN,2022-07-25 17:24:11,44.8135,123.15,71.82,94,56,4.99,broken clouds
395,Kemijarvi,FI,2022-07-25 17:24:12,66.7131,27.4306,60.89,73,100,6.53,light rain
396,Umm Lajj,SA,2022-07-25 17:24:12,25.0213,37.2685,86.56,63,0,3.47,clear sky
397,Porbandar,IN,2022-07-25 17:24:12,21.6422,69.6093,81.84,82,97,18.81,overcast clouds
398,Nizhniy Odes,RU,2022-07-25 17:24:12,63.6445,54.856,54.59,65,60,4.94,broken clouds
399,Nouakchott,MR,2022-07-25 17:24:13,18.0858,-15.9785,84.13,73,2,14.43,clear sky
400,Paka,MY,2022-07-25 17:24:13,4.6374,103.4368,76.93,94,46,0.0,scattered clouds
401,Port Hueneme,US,2022-07-25 17:24:13,34.1478,-119.1951,88.25,83,100,5.75,haze
402,Hue,VN,2022-07-25 17:23:54,16.4667,107.6,82.51,83,20,3.44,few clouds
403,Puerto Cabezas,NI,2022-07-25 17:24:14,14.0351,-83.3888,82.36,83,20,4.61,few clouds
404,Laguna,US,2022-07-25 17:24:14,38.421,-121.4238,86.97,60,0,6.91,clear sky
405,Coquimbo,CL,2022-07-25 17:24:14,-29.9533,-71.3436,56.93,67,100,2.3,overcast clouds
406,Letterkenny,IE,2022-07-25 17:24:15,54.95,-7.7333,58.89,77,69,14.18,broken clouds
407,Fort Nelson,CA,2022-07-25 17:24:15,58.8053,-122.7002,71.19,46,75,11.5,broken clouds
408,Rawson,AR,2022-07-25 17:24:15,-43.3002,-65.1023,46.69,87,100,12.66,light rain
409,Camacha,PT,2022-07-25 17:24:16,33.0833,-16.3333,72.82,73,40,14.97,scattered clouds
410,Bud,US,2022-07-25 17:24:16,39.447,-86.1758,80.55,70,100,3.44,overcast clouds
411,Wuzhou,CN,2022-07-25 17:24:16,23.4833,111.3167,80.92,75,0,1.7,clear sky
412,Lima,PE,2022-07-25 17:23:31,-12.0432,-77.0282,66.9,75,100,9.22,overcast clouds
413,Huarmey,PE,2022-07-25 17:24:17,-10.0681,-78.1522,66.94,76,90,10.31,overcast clouds
414,Port Macquarie,AU,2022-07-25 17:20:14,-31.4333,152.9167,47.89,88,10,5.53,clear sky
415,Umarizal,BR,2022-07-25 17:25:17,-5.9906,-37.8144,91.98,27,43,10.98,scattered clouds
416,Surt,LY,2022-07-25 17:25:18,31.2089,16.5887,83.46,63,0,12.8,clear sky
417,Inirida,CO,2022-07-25 17:25:18,3.8653,-67.9239,72.37,96,100,2.1,overcast clouds
418,Iquique,CL,2022-07-25 17:25:18,-20.2208,-70.1431,62.64,68,4,8.03,clear sky
419,Bom Jesus,BR,2022-07-25 17:25:19,-9.0744,-44.3586,94.24,21,92,8.34,overcast clouds
420,Pinhao,BR,2022-07-25 17:25:19,-25.6956,-51.6597,74.68,41,7,3.76,clear sky
421,Bambous Virieux,MU,2022-07-25 17:25:20,-20.3428,57.7575,68.25,88,75,6.91,light rain
422,Antofagasta,CL,2022-07-25 17:25:20,-23.65,-70.4,60.08,65,0,10.13,clear sky
423,Bassila,BJ,2022-07-25 17:25:20,9.0081,1.6654,79.41,81,98,2.44,overcast clouds
424,Chenghai,CN,2022-07-25 17:25:20,23.4632,116.768,85.91,84,20,2.24,few clouds
425,Mahajanga,MG,2022-07-25 17:25:21,-15.7167,46.3167,73.42,83,20,3.44,few clouds
426,Qui Nhon,VN,2022-07-25 17:25:21,13.7667,109.2333,79.21,86,97,3.91,overcast clouds
427,Broken Hill,AU,2022-07-25 17:25:21,-31.95,141.4333,45.68,80,0,17.69,clear sky
428,Turtas,RU,2022-07-25 17:25:22,58.9417,69.1325,63.54,91,56,4.09,broken clouds
429,Goderich,CA,2022-07-25 17:25:22,43.7501,-81.7165,68.32,52,0,11.5,clear sky
430,Lihula,EE,2022-07-25 17:25:22,58.6814,23.8453,70.9,83,94,6.89,overcast clouds
431,Altamont,US,2022-07-25 17:25:23,42.2068,-121.7372,82.78,30,0,8.01,clear sky
432,Kaputa,ZM,2022-07-25 17:25:23,-8.4689,29.6619,75.33,46,13,4.7,few clouds
433,Salta,AR,2022-07-25 17:20:33,-24.7859,-65.4117,79.57,48,20,8.99,few clouds
434,Ribeira Brava,PT,2022-07-25 17:25:24,32.65,-17.0667,90.23,39,58,7.25,broken clouds
435,Show Low,US,2022-07-25 17:25:24,34.2542,-110.0298,74.66,56,0,11.5,clear sky
436,Fredericksburg,US,2022-07-25 17:24:10,38.3032,-77.4605,95.61,63,40,9.22,scattered clouds
437,Tiznit,MA,2022-07-25 17:25:25,29.5833,-9.5,100.72,13,22,11.18,few clouds
438,The Valley,AI,2022-07-25 17:25:25,18.217,-63.0578,87.66,70,20,19.57,haze
439,Bosaso,SO,2022-07-25 17:25:26,11.2842,49.1816,89.31,52,47,1.21,scattered clouds
440,Inhambane,MZ,2022-07-25 17:24:35,-23.865,35.3833,64.62,73,32,10.11,scattered clouds
441,Xiantao,CN,2022-07-25 17:25:26,30.3833,113.4,80.82,80,31,9.89,scattered clouds
442,Hirara,JP,2022-07-25 17:25:26,24.8,125.2833,84.18,77,8,1.9,clear sky
443,Emerald,AU,2022-07-25 17:25:27,-23.5333,148.1667,51.94,100,0,0.0,clear sky
444,Ilheus,BR,2022-07-25 17:25:27,-14.7889,-39.0494,78.62,78,75,11.5,broken clouds
445,Poya,NC,2022-07-25 17:25:27,-21.35,165.15,67.17,88,37,5.82,scattered clouds
446,Candolim,IN,2022-07-25 17:25:28,15.5181,73.7626,80.6,83,75,6.91,broken clouds
447,Biharamulo,TZ,2022-07-25 17:25:28,-2.6319,31.3089,73.94,39,99,2.71,overcast clouds
448,Pafos,CY,2022-07-25 17:22:13,34.7667,32.4167,83.98,65,0,2.3,clear sky
449,Erdenet,MN,2022-07-25 17:25:28,49.0333,104.0833,50.74,95,95,2.89,overcast clouds
450,Lethem,GY,2022-07-25 17:25:29,3.3803,-59.7968,86.34,64,33,3.33,scattered clouds
451,Asfi,MA,2022-07-25 17:25:29,32.2994,-9.2372,87.3,43,88,24.72,overcast clouds
452,Neuquen,AR,2022-07-25 17:25:30,-38.9516,-68.0591,44.49,93,75,5.75,light intensity drizzle
453,Zastron,ZA,2022-07-25 17:25:30,-30.3023,27.084,45.01,37,0,3.42,clear sky
454,Nebbi,UG,2022-07-25 17:25:30,2.4783,31.0889,72.48,65,70,4.12,broken clouds
455,Newport,GB,2022-07-25 17:24:38,51.5877,-2.9984,69.46,67,76,18.75,broken clouds
456,Ponta Delgada,PT,2022-07-25 17:25:32,37.7333,-25.6667,75.92,83,20,11.5,few clouds
457,Kanye,BW,2022-07-25 17:26:31,-24.9667,25.3327,59.54,36,5,5.26,clear sky
458,Saint-Augustin,CA,2022-07-25 17:26:31,51.226,-58.6502,57.63,98,100,14.38,overcast clouds
459,Bilibino,RU,2022-07-25 17:26:31,68.0546,166.4372,42.82,80,61,6.76,broken clouds
460,Port Shepstone,ZA,2022-07-25 17:26:32,-30.7414,30.455,60.87,61,43,9.98,scattered clouds
461,Kyshtym,RU,2022-07-25 17:26:32,55.714,60.5528,63.7,80,100,5.23,overcast clouds
462,Rio Gallegos,AR,2022-07-25 17:26:32,-51.6226,-69.2181,39.25,41,0,10.36,clear sky
463,Samarai,PG,2022-07-25 17:26:33,-10.6167,150.6667,79.38,82,60,16.31,broken clouds
464,Paamiut,GL,2022-07-25 17:21:42,61.994,-49.6678,44.22,89,4,3.47,clear sky
465,Omagari,JP,2022-07-25 17:26:33,39.45,140.4833,69.98,92,0,1.57,clear sky
466,Talnakh,RU,2022-07-25 17:26:34,69.4865,88.3972,56.21,84,65,3.76,broken clouds
467,Celldomolk,HU,2022-07-25 17:26:34,47.2571,17.1503,89.69,25,0,8.88,clear sky
468,Omboue,GA,2022-07-25 17:24:32,-1.5746,9.2618,74.39,77,84,9.48,broken clouds
469,Baoding,CN,2022-07-25 17:26:34,38.8511,115.4903,75.0,87,100,6.82,overcast clouds
470,Mirabela,BR,2022-07-25 17:26:35,-16.2628,-44.1644,82.45,22,24,8.63,few clouds
471,Richards Bay,ZA,2022-07-25 17:26:35,-28.783,32.0377,60.64,68,16,8.32,few clouds
472,Buckeye,US,2022-07-25 17:21:44,33.3703,-112.5838,90.37,78,20,5.75,few clouds
473,Buala,SB,2022-07-25 17:26:35,-8.145,159.5921,79.75,83,25,9.24,light rain
474,Quime,BO,2022-07-25 17:26:36,-16.9833,-67.2167,61.43,49,22,7.92,few clouds
475,Muhlhausen,DE,2022-07-25 17:24:49,51.2167,10.45,92.89,61,87,16.46,overcast clouds
476,Flin Flon,CA,2022-07-25 17:26:36,54.7682,-101.865,67.84,64,75,9.22,broken clouds
477,Kavaratti,IN,2022-07-25 17:26:37,10.5669,72.642,81.28,81,22,17.11,few clouds
478,Catuday,PH,2022-07-25 17:26:37,16.2923,119.8062,80.87,81,100,6.4,overcast clouds
479,Moron,AR,2022-07-25 17:22:56,-34.6534,-58.6198,59.95,98,100,8.39,light rain
480,Svetlyy,RU,2022-07-25 17:26:37,54.675,20.1347,74.97,61,99,7.63,overcast clouds
481,Villa Carlos Paz,AR,2022-07-25 17:24:37,-31.4241,-64.4978,67.39,46,96,1.01,overcast clouds
482,Ronneby,SE,2022-07-25 17:26:38,56.21,15.276,73.9,64,0,11.5,clear sky
483,Foki,RU,2022-07-25 17:26:38,56.693,54.3499,71.98,73,49,3.18,scattered clouds
484,Ambanja,MG,2022-07-25 17:26:38,-13.6833,48.45,73.38,78,64,2.95,light rain
485,Villiers,ZA,2022-07-25 17:26:39,-27.0303,28.6006,49.33,19,0,4.16,clear sky
486,Evensk,RU,2022-07-25 17:26:39,61.95,159.2333,48.36,82,85,1.21,overcast clouds
487,Cravo Norte,CO,2022-07-25 17:26:39,6.3017,-70.2041,75.34,90,100,3.69,overcast clouds
488,San Vicente,AR,2022-07-25 17:26:40,-26.6167,-54.1333,80.69,38,0,4.76,clear sky
489,Labytnangi,RU,2022-07-25 17:26:40,66.6572,66.4183,53.06,74,87,15.5,overcast clouds
490,Tura,IN,2022-07-25 17:26:40,25.5198,90.2201,73.96,96,71,3.33,light rain
491,Sangar,RU,2022-07-25 17:26:41,63.9242,127.4739,62.44,69,41,4.14,scattered clouds
492,Lujiang,CN,2022-07-25 17:26:41,31.2581,117.2817,83.46,78,15,3.58,few clouds
493,San Andres,CO,2022-07-25 17:24:36,12.5847,-81.7006,86.02,70,40,6.91,scattered clouds
494,Nidderau,DE,2022-07-25 17:26:41,50.25,8.9,89.38,59,89,14.54,overcast clouds
495,Pahrump,US,2022-07-25 17:26:34,36.2083,-115.9839,80.65,43,58,9.17,broken clouds
496,Karnobat,BG,2022-07-25 17:24:29,42.65,26.9833,75.04,55,65,7.9,broken clouds
497,Imbituva,BR,2022-07-25 17:24:50,-25.23,-50.6044,76.71,40,85,1.3,overcast clouds
498,Goundam,ML,2022-07-25 17:26:42,16.4145,-3.6708,96.76,32,36,4.97,scattered clouds
499,Yaval,IN,2022-07-25 17:26:42,21.1667,75.7,78.49,84,100,5.82,overcast clouds
500,Roma,US,2022-07-25 17:22:03,43.2128,-75.4557,80.73,62,100,18.41,overcast clouds
501,Mindelo,CV,2022-07-25 17:26:43,16.8901,-24.9804,85.55,66,40,16.11,scattered clouds
502,Vostok,RU,2022-07-25 17:26:43,46.4856,135.8833,59.22,97,46,2.42,scattered clouds
503,Matara,LK,2022-07-25 17:26:43,5.9485,80.5353,77.99,88,97,9.57,light rain
504,Gravdal,NO,2022-07-25 17:27:44,68.1214,13.5031,55.29,100,75,5.75,broken clouds
505,Volga,RU,2022-07-25 17:27:44,57.9516,38.3879,68.2,84,16,6.08,few clouds
506,Cap Malheureux,MU,2022-07-25 17:27:44,-19.9842,57.6142,67.46,75,35,1.99,scattered clouds
507,Dapaong,TG,2022-07-25 17:27:45,10.8639,0.205,84.88,56,47,4.74,scattered clouds
508,Isangel,VU,2022-07-25 17:27:45,-19.55,169.2667,74.01,92,11,8.48,few clouds
509,Vila Velha,BR,2022-07-25 17:23:17,-20.3297,-40.2925,80.55,70,75,8.05,broken clouds
510,Odweyne,SO,2022-07-25 17:27:45,9.4092,45.064,81.3,35,78,20.13,broken clouds
511,Bondo,CD,2022-07-25 17:27:46,3.8146,23.6866,76.91,77,95,0.18,overcast clouds
512,Olden,NO,2022-07-25 17:27:46,61.8364,6.8064,65.12,81,98,6.67,light rain
513,Kaoma,ZM,2022-07-25 17:27:46,-14.7833,24.8,66.58,32,0,6.67,clear sky
514,Limpapa,PH,2022-07-25 17:27:47,7.1197,121.9106,77.41,83,96,1.5,overcast clouds
515,Kargopol,RU,2022-07-25 17:27:47,61.5071,38.9456,64.4,83,76,3.24,broken clouds
516,Zhigalovo,RU,2022-07-25 17:27:47,54.8097,105.1578,59.81,99,100,2.89,light rain
517,Daru,PG,2022-07-25 17:27:48,-9.0763,143.2092,76.05,85,100,15.3,overcast clouds
518,Dunedin,NZ,2022-07-25 17:27:48,-45.8742,170.5036,46.06,94,100,18.68,moderate rain
519,Turukhansk,RU,2022-07-25 17:27:48,65.8167,87.9833,57.0,87,100,2.71,overcast clouds
520,Ligatne,LV,2022-07-25 17:27:49,57.2343,25.0406,70.25,68,57,1.1,broken clouds
521,Wattegama,LK,2022-07-25 17:27:49,6.7989,81.4808,77.92,83,97,2.39,moderate rain
522,Imeni Poliny Osipenko,RU,2022-07-25 17:27:49,52.4201,136.4853,57.54,97,73,6.38,broken clouds
523,Moose Factory,CA,2022-07-25 17:27:50,51.2585,-80.6094,60.8,88,100,12.66,mist
524,Masvingo,ZW,2022-07-25 17:27:50,-20.0637,30.8277,55.2,84,18,8.08,few clouds
525,Sinjai,ID,2022-07-25 17:27:50,-5.1241,120.253,76.24,85,85,2.62,overcast clouds
526,Santa Cruz De La Palma,ES,2022-07-25 17:27:51,28.6835,-17.7642,78.94,78,0,18.41,clear sky
527,Creel,MX,2022-07-25 17:27:51,27.75,-107.6333,69.87,53,56,7.27,broken clouds
528,Fussen,DE,2022-07-25 17:27:51,47.8739,12.1695,86.67,56,14,12.64,few clouds
529,Namatanai,PG,2022-07-25 17:23:12,-3.6667,152.4333,78.3,84,53,9.62,light rain
530,Gumdag,TM,2022-07-25 17:27:52,39.2061,54.5906,85.19,46,99,10.89,overcast clouds
531,Jalpan,MX,2022-07-25 17:27:52,21.2333,-99.4833,82.92,48,86,4.99,overcast clouds
532,Madang,PG,2022-07-25 17:27:53,-5.2246,145.7966,77.34,89,65,1.14,broken clouds
533,Pucallpa,PE,2022-07-25 17:26:20,-8.3791,-74.5539,86.04,66,75,2.3,broken clouds
534,Sept-Iles,CA,2022-07-25 17:27:04,50.2001,-66.3821,67.05,86,100,12.66,fog
535,Jinxi,CN,2022-07-25 17:27:53,30.4323,116.2922,81.05,83,97,1.3,overcast clouds
536,Krasnoarmeysk,RU,2022-07-25 17:27:53,51.0239,45.6969,68.7,70,96,6.71,light rain
537,Zavetnoye,RU,2022-07-25 17:27:54,47.1194,43.8903,77.74,43,38,7.52,scattered clouds
538,Alta Floresta,BR,2022-07-25 17:27:54,-9.8756,-56.0861,96.62,23,0,6.91,clear sky
539,Taoudenni,ML,2022-07-25 17:27:54,22.6783,-3.9836,111.78,7,22,9.48,few clouds
540,Esmeraldas,BR,2022-07-25 17:24:56,-19.7625,-44.3139,78.91,28,0,6.55,clear sky
541,Clarksburg,US,2022-07-25 17:26:41,39.2807,-80.3445,85.3,84,100,5.75,thunderstorm with light rain
542,Sisophon,KH,2022-07-25 17:27:55,13.5859,102.9737,79.03,85,50,5.32,scattered clouds
543,Gazli,UZ,2022-07-25 17:27:55,40.1333,63.45,100.76,13,0,8.88,clear sky
544,Nyimba,ZM,2022-07-25 17:27:55,-14.5566,30.8149,70.99,36,61,8.84,broken clouds
545,Sterling,US,2022-07-25 17:27:56,39.0062,-77.4286,91.11,69,75,5.99,broken clouds
546,Collie,AU,2022-07-25 17:27:56,-33.3667,116.15,53.69,95,96,9.82,overcast clouds
547,Lichtenburg,ZA,2022-07-25 17:27:56,-26.152,26.1597,55.09,31,5,3.83,clear sky
548,Kristiansund,NO,2022-07-25 17:27:57,63.1115,7.732,64.45,94,75,8.05,broken clouds
549,Itarema,BR,2022-07-25 17:28:57,-2.9248,-39.9167,87.64,48,72,15.95,broken clouds
550,Khani,GE,2022-07-25 17:28:57,41.9563,42.9566,62.17,93,61,1.9,broken clouds
551,Marrakesh,MA,2022-07-25 17:25:02,31.6315,-8.0083,113.07,12,40,4.61,scattered clouds
552,Ibipeba,BR,2022-07-25 17:28:58,-11.6408,-42.0111,82.54,27,93,10.94,overcast clouds
553,Kuusamo,FI,2022-07-25 17:28:58,65.9667,29.1833,66.24,52,0,6.91,clear sky
554,Zhanakorgan,KZ,2022-07-25 17:28:58,43.9098,67.2495,91.26,16,4,11.68,clear sky
555,Chicama,PE,2022-07-25 17:28:59,-7.8447,-79.1469,59.54,64,62,9.01,broken clouds
556,Mombetsu,JP,2022-07-25 17:28:59,44.3525,143.3525,62.65,94,7,3.2,clear sky
557,Sindor,RU,2022-07-25 17:28:59,62.8629,51.8905,58.03,62,39,5.17,scattered clouds
558,Kutum,SD,2022-07-25 17:24:41,14.2,24.6667,90.93,21,63,4.65,broken clouds
559,Hawalli,KW,2022-07-25 17:29:00,29.2833,47.9972,107.69,23,0,12.66,clear sky
560,Nhulunbuy,AU,2022-07-25 17:29:00,-12.2333,136.7667,70.41,94,12,5.75,few clouds
561,Plettenberg Bay,ZA,2022-07-25 17:29:01,-34.0527,23.3716,58.57,69,0,7.85,clear sky
562,Santhia,IT,2022-07-25 17:29:01,45.3663,8.1726,94.78,82,36,6.44,heavy intensity rain
563,Raudeberg,NO,2022-07-25 17:29:01,61.9875,5.1352,59.95,91,100,24.32,overcast clouds
564,Borgosesia,IT,2022-07-25 17:29:02,45.7145,8.2799,95.52,71,67,5.66,moderate rain
565,Oksfjord,NO,2022-07-25 17:29:02,70.2396,22.3479,57.38,93,100,6.2,overcast clouds
566,Uturoa,PF,2022-07-25 17:29:03,-16.7333,-151.4333,76.73,80,77,9.6,moderate rain
567,Yakymivka,UA,2022-07-25 17:29:03,46.6897,35.1536,73.99,66,79,7.09,light rain
568,San Pedro,PH,2022-07-25 17:29:03,14.35,121.0167,80.26,84,75,0.0,broken clouds
569,Perehonivka,UA,2022-07-25 17:29:04,48.5355,30.5192,74.19,47,46,13.6,scattered clouds
570,Seoul,KR,2022-07-25 17:27:29,37.5683,126.9778,76.6,91,0,2.3,clear sky
571,Oyama,JP,2022-07-25 17:29:04,36.3,139.8,84.58,83,73,5.73,broken clouds
572,Bengkulu,ID,2022-07-25 17:29:05,-3.8004,102.2655,74.66,89,100,7.52,moderate rain
573,Charters Towers,AU,2022-07-25 17:29:05,-20.1,146.2667,57.27,89,0,6.85,clear sky
574,Grand-Lahou,CI,2022-07-25 17:29:06,5.1367,-5.0242,77.61,73,62,7.81,broken clouds
575,Kenai,US,2022-07-25 17:29:06,60.5544,-151.2583,57.29,96,100,8.05,light rain
576,Toba Tek Singh,PK,2022-07-25 17:29:07,30.9743,72.4827,87.42,69,89,6.11,overcast clouds
577,Nuuk,GL,2022-07-25 17:29:07,64.1835,-51.7216,52.41,66,20,6.91,few clouds
578,Michigan City,US,2022-07-25 17:29:08,41.7075,-86.895,76.48,66,40,8.05,scattered clouds
579,Puerto Carreno,CO,2022-07-25 17:29:08,6.189,-67.4859,82.38,74,40,3.44,scattered clouds
580,Sola,VU,2022-07-25 17:29:08,-13.8833,167.55,79.23,78,50,9.78,scattered clouds
581,Camana,PE,2022-07-25 17:29:09,-16.6228,-72.7111,64.56,76,62,9.35,broken clouds
582,Korla,CN,2022-07-25 17:29:09,41.7597,86.1469,84.11,26,95,17.52,overcast clouds
583,Wahiawa,US,2022-07-25 17:29:10,21.5028,-158.0236,73.87,83,100,0.0,overcast clouds
584,Ahuimanu,US,2022-07-25 17:29:10,21.4447,-157.8378,76.86,85,40,6.91,light rain
585,Tianpeng,CN,2022-07-25 17:29:10,30.9866,103.9393,81.07,79,96,4.63,overcast clouds
586,Mogadishu,SO,2022-07-25 17:29:10,2.0371,45.3438,76.08,82,43,18.28,scattered clouds
587,Aripuana,BR,2022-07-25 17:29:11,-9.1667,-60.6333,97.63,21,6,3.11,clear sky
588,Dickinson,US,2022-07-25 17:28:17,29.4608,-95.0513,98.13,60,40,4.0,scattered clouds
589,Tanhacu,BR,2022-07-25 17:29:11,-14.0214,-41.2481,80.69,37,100,8.55,overcast clouds
590,Kudahuvadhoo,MV,2022-07-25 17:29:12,2.6708,72.8944,81.09,78,39,9.53,scattered clouds
591,Rivadavia,AR,2022-07-25 17:29:12,-33.1905,-68.4608,60.69,63,90,4.38,overcast clouds
592,Anadyr,RU,2022-07-25 17:30:13,64.75,177.4833,41.5,93,20,4.47,few clouds
593,Tambopata,PE,2022-07-25 17:30:13,-12.7333,-69.1833,78.69,83,100,4.61,overcast clouds
594,Marsaxlokk,MT,2022-07-25 17:30:14,35.8419,14.5431,92.01,43,0,11.5,clear sky
595,Parakou,BJ,2022-07-25 17:30:14,9.3372,2.6303,76.8,79,93,3.98,overcast clouds
596,Riviere-Du-Loup,CA,2022-07-25 17:26:06,47.8304,-69.5342,73.67,83,100,5.75,overcast clouds
597,Mantua,IT,2022-07-25 17:30:14,45.1667,10.7833,96.04,50,40,8.52,scattered clouds
598,Stokmarknes,NO,2022-07-25 17:30:15,68.5646,14.9108,57.18,88,75,8.05,broken clouds
599,Muros,ES,2022-07-25 17:30:15,42.7762,-9.0603,81.68,53,21,13.42,few clouds
600,Krasnoselkup,RU,2022-07-25 17:30:15,65.7,82.4667,54.77,80,100,4.94,overcast clouds
601,Olga,RU,2022-07-25 17:30:16,43.7444,135.2892,63.64,96,0,3.6,clear sky
602,Rafai,CF,2022-07-25 17:30:16,4.95,23.9167,75.25,77,97,1.68,overcast clouds
603,Bredy,RU,2022-07-25 17:30:17,52.4153,60.3411,69.04,55,42,7.34,scattered clouds
604,Eyl,SO,2022-07-25 17:30:17,7.9803,49.8164,77.86,75,57,27.45,broken clouds
605,Husavik,IS,2022-07-25 17:30:18,66.0449,-17.3389,50.04,79,58,7.81,broken clouds
606,Popondetta,PG,2022-07-25 17:30:18,-8.7537,148.2534,71.62,96,83,3.24,broken clouds
607,Ulladulla,AU,2022-07-25 17:30:18,-35.35,150.4667,52.95,89,88,5.48,moderate rain
608,Anakapalle,IN,2022-07-25 17:30:19,17.6833,83.0167,80.55,80,100,1.72,overcast clouds
609,Adrar,MR,2022-07-25 17:30:19,20.5022,-10.0711,102.94,19,85,16.96,overcast clouds
610,Walvis Bay,NA,2022-07-25 17:30:19,-22.9575,14.5053,55.09,87,11,4.61,few clouds
611,Mnogovershinnyy,RU,2022-07-25 17:30:20,53.9353,139.9242,52.05,93,67,5.03,broken clouds
612,Arrifes,PT,2022-07-25 17:30:20,37.7667,-25.7,73.65,83,20,11.5,few clouds
613,Nyurba,RU,2022-07-25 17:30:21,63.2842,118.3319,67.42,94,64,4.94,broken clouds
614,Carmelo,UY,2022-07-25 17:30:21,-33.9892,-58.2856,65.82,90,100,4.47,overcast clouds
615,Ranau,MY,2022-07-25 17:30:22,5.9538,116.6641,70.77,98,100,1.5,light rain
616,Shelabolikha,RU,2022-07-25 17:30:22,53.4131,82.6167,58.17,67,32,3.31,scattered clouds
617,Noumea,NC,2022-07-25 17:30:23,-22.2763,166.4572,73.0,99,96,6.96,overcast clouds
618,Pochutla,MX,2022-07-25 17:30:23,15.7432,-96.4661,88.83,51,69,5.88,broken clouds
619,Karasjok,NO,2022-07-25 17:30:23,69.4719,25.5112,52.57,92,100,10.27,overcast clouds
620,Barra Do Garcas,BR,2022-07-25 17:30:24,-15.89,-52.2567,91.98,25,0,0.0,clear sky
621,Severo-Yeniseyskiy,RU,2022-07-25 17:30:24,60.3725,93.0408,50.68,98,98,3.2,overcast clouds
622,Terney,RU,2022-07-25 17:30:25,45.0503,136.6092,66.02,91,23,4.36,few clouds
623,Henties Bay,NA,2022-07-25 17:30:26,-22.116,14.2845,56.25,91,16,2.37,few clouds
624,Playa Vicente,MX,2022-07-25 17:30:27,17.8333,-95.8167,84.61,69,59,6.71,broken clouds
625,Mount Isa,AU,2022-07-25 17:30:27,-20.7333,139.5,64.17,39,0,14.97,clear sky
626,Kalamare,BW,2022-07-25 17:30:28,-22.9337,26.5703,57.88,64,5,13.58,clear sky
627,Tabas,IR,2022-07-25 17:30:28,33.5959,56.9244,101.77,12,0,12.33,clear sky
628,Boddam,GB,2022-07-25 17:30:28,57.4667,-1.7833,57.58,79,90,24.43,overcast clouds
629,Eureka,US,2022-07-25 17:29:49,40.8021,-124.1637,52.41,72,20,7.92,few clouds
630,Mahibadhoo,MV,2022-07-25 17:30:29,3.7833,72.9667,81.59,75,100,13.13,overcast clouds
631,Waingapu,ID,2022-07-25 17:25:35,-9.6567,120.2641,71.26,77,80,8.28,broken clouds
632,Vanavara,RU,2022-07-25 17:30:30,60.34,102.2797,62.53,77,100,5.01,overcast clouds
633,Benguela,AO,2022-07-25 17:30:31,-12.5763,13.4055,69.3,87,27,6.73,scattered clouds
634,Cine,TR,2022-07-25 17:30:31,37.6117,28.0614,90.81,24,19,5.77,few clouds
635,Port Augusta,AU,2022-07-25 17:26:59,-32.5,137.7667,45.5,75,2,7.14,clear sky
636,Mandan,US,2022-07-25 17:30:32,46.8267,-100.8896,76.37,67,0,10.36,clear sky
637,Labrea,BR,2022-07-25 17:30:32,-7.2586,-64.7981,96.98,25,5,4.18,clear sky
638,Inarcs,HU,2022-07-25 17:31:32,47.262,19.327,91.72,20,0,2.21,clear sky
639,Saint-Georges,GD,2022-07-25 17:31:33,12.0564,-61.7485,85.68,74,20,17.27,few clouds
640,Champoton,MX,2022-07-25 17:31:33,19.35,-90.7167,89.92,53,58,6.67,broken clouds
641,Vigrestad,NO,2022-07-25 17:31:34,58.5667,5.7,56.97,89,70,18.23,broken clouds
642,Horsham,GB,2022-07-25 17:31:34,51.064,-0.3272,73.65,61,40,14.97,scattered clouds
643,Zhigansk,RU,2022-07-25 17:31:35,66.7697,123.3711,57.47,73,9,3.04,clear sky
644,Miraflores,MX,2022-07-25 17:31:35,19.2167,-98.8083,69.03,62,91,1.54,overcast clouds
645,Petropavlovsk-Kamchatskiy,RU,2022-07-25 17:31:35,53.0452,158.6483,52.39,100,75,0.0,broken clouds
646,Seymchan,RU,2022-07-25 17:31:36,62.8833,152.4333,56.23,58,30,2.82,scattered clouds
647,Unai,BR,2022-07-25 17:31:36,-16.3575,-46.9061,85.87,27,0,7.65,clear sky
648,Novyy Rogachik,RU,2022-07-25 17:31:37,48.6768,44.0608,74.3,59,57,6.85,light rain
649,Tahta,EG,2022-07-25 17:31:37,26.7693,31.5021,94.42,14,9,9.84,clear sky
650,Santarem,BR,2022-07-25 17:31:37,-2.4431,-54.7083,87.93,70,20,10.36,few clouds
651,Shakiso,ET,2022-07-25 17:31:38,5.75,38.9167,61.84,68,72,1.77,broken clouds
652,Vestmanna,FO,2022-07-25 17:31:38,62.1564,-7.1664,47.32,76,100,13.8,overcast clouds
653,Solnechnyy,RU,2022-07-25 17:31:39,50.7214,136.6319,63.54,99,98,4.36,overcast clouds
654,Nara,JP,2022-07-25 17:30:08,34.6851,135.8049,83.5,60,100,2.01,overcast clouds
655,Kapoeta,SS,2022-07-25 17:31:39,4.7717,33.5903,84.34,39,78,8.59,broken clouds
656,Bambanglipuro,ID,2022-07-25 17:31:39,-7.95,110.2833,70.66,81,100,4.23,overcast clouds
657,Codrington,AU,2022-07-25 17:31:40,-38.2667,141.9667,49.21,74,99,20.67,overcast clouds
658,Panacan,PH,2022-07-25 17:31:40,9.2463,118.4082,80.4,81,100,2.33,overcast clouds
659,Ust-Karsk,RU,2022-07-25 17:31:40,52.7011,118.8077,63.03,83,30,1.19,scattered clouds
660,Asyut,EG,2022-07-25 17:31:41,27.181,31.1837,91.58,14,0,8.57,clear sky
661,Mancio Lima,BR,2022-07-25 17:31:41,-7.6142,-72.8958,86.07,70,75,4.61,broken clouds
662,Onokhino,RU,2022-07-25 17:31:42,56.925,65.5394,73.72,90,19,4.5,light rain
663,Kilosa,TZ,2022-07-25 17:31:42,-6.8333,36.9833,72.72,57,81,0.89,broken clouds
664,Maniitsoq,GL,2022-07-25 17:31:42,65.4167,-52.9,42.28,90,63,13.18,broken clouds
665,Rantauprapat,ID,2022-07-25 17:31:43,2.1,99.8333,73.92,87,100,2.51,overcast clouds
666,Kyra,RU,2022-07-25 17:31:43,49.5776,111.9753,57.63,94,98,3.78,overcast clouds
667,Sangueya,GN,2022-07-25 17:31:44,10.7,-14.3667,74.12,96,100,3.85,light rain
668,Ketchikan,US,2022-07-25 17:30:27,55.3422,-131.6461,59.47,94,75,9.22,broken clouds
669,Roros,NO,2022-07-25 17:31:45,62.5747,11.3842,55.24,88,100,4.61,moderate rain
670,Naryan-Mar,RU,2022-07-25 17:31:45,67.6713,53.087,47.08,90,100,19.13,overcast clouds
671,Batemans Bay,AU,2022-07-25 17:31:45,-35.7167,150.1833,55.09,88,91,5.35,light rain
672,Atasu,KZ,2022-07-25 17:31:46,48.6814,71.6433,73.31,32,15,10.02,few clouds
673,Ghimes-Faget,RO,2022-07-25 17:31:46,46.5833,26.0667,75.22,68,52,2.53,broken clouds
674,Dauphin,CA,2022-07-25 17:31:46,51.1494,-100.0502,68.14,73,100,5.75,overcast clouds
675,Trelew,AR,2022-07-25 17:27:43,-43.249,-65.3051,46.67,87,100,12.66,light rain
676,Abu Kamal,SY,2022-07-25 17:31:47,34.4506,40.9171,92.88,13,0,7.67,clear sky
677,Ulaanbaatar,MN,2022-07-25 17:27:56,47.9077,106.8832,51.93,87,20,4.47,few clouds
678,Belyy Yar,RU,2022-07-25 17:31:47,53.6039,91.3903,58.89,88,40,4.47,light intensity shower rain
679,Mmabatho,ZA,2022-07-25 17:31:48,-25.85,25.6333,53.56,62,0,5.75,clear sky
680,Veraval,IN,2022-07-25 17:31:48,20.9,70.3667,81.66,82,100,18.32,overcast clouds
681,Cockburn Town,TC,2022-07-25 17:31:48,21.4612,-71.1419,81.81,80,21,21.94,few clouds
682,Mizdah,LY,2022-07-25 17:31:49,31.4451,12.9801,88.75,16,0,10.67,clear sky
683,Acapulco,MX,2022-07-25 17:28:57,16.8634,-99.8901,85.82,62,75,3.44,broken clouds
684,Sistranda,NO,2022-07-25 17:32:49,63.7256,8.834,60.76,94,94,9.04,overcast clouds
685,Loreto,MX,2022-07-25 17:32:49,22.2667,-101.9667,75.88,36,99,7.52,overcast clouds
686,Kawalu,ID,2022-07-25 17:32:50,-7.3817,108.2082,66.04,90,84,1.57,broken clouds
687,Nacala,MZ,2022-07-25 17:32:50,-14.5428,40.6728,72.48,69,4,11.01,clear sky
